{"players": [{"id": "e1fcb099-db64-4766-babc-1602f5a421ce", "object_type": 2, "functional": true, "error": null, "team_name": "Bad Awful Client", "shooter": {"id": "a877bc0f-fb6f-4b9d-b4f9-359a43acd2a3", "object_type": 10, "health": 0, "hitbox": {"id": "5f379b38-3e4c-45cd-bd10-49da018c8096", "object_type": 14, "width": 10, "height": 10, "position": [2.08, 2.08]}, "collidable": true, "heading": 225, "speed": 25, "inventory": {"guns": [{"id": "0f7882c0-7b56-4138-a0f5-c7087866d2fc", "object_type": 12, "health": null, "hitbox": {"id": "66c25a1e-bcfb-456e-8464-e7b15a5072ce", "object_type": 14, "width": 0, "height": 0, "position": [0, 0]}, "collidable": false, "gun_type": 1, "level": 1, "pattern": 1, "damage": 25, "fire_rate": 0, "range": 30, "mag_size": 5}, null], "upgrades": [null, null, null], "consumables": [null, null, null, null]}, "money": 10, "armor": 1.0, "view_distance": 500, "speed_boost_cooldown": 0, "radar_cooldown": 0, "primary_gun_pointer": 0}, "action": {"object_type": 1, "chosen_action": 1}}, {"id": "c1674984-e94a-4f23-8dc8-84157edcbb06", "object_type": 2, "functional": true, "error": null, "team_name": "$10 EBay Bot", "shooter": {"id": "64c5691d-54cf-4642-8c95-48b326d1420e", "object_type": 10, "health": 100, "hitbox": {"id": "1889fdac-821d-487d-a884-241806101ac2", "object_type": 14, "width": 10, "height": 10, "position": [430.62, 395.24]}, "collidable": true, "heading": 219, "speed": 25, "inventory": {"guns": [{"id": "f4119151-ccdc-4873-a8d7-99d2b9458a76", "object_type": 12, "health": null, "hitbox": {"id": "6c645b10-f81a-4e7f-b028-f2f25a1ada6b", "object_type": 14, "width": 0, "height": 0, "position": [0, 0]}, "collidable": false, "gun_type": 1, "level": 1, "pattern": 1, "damage": 25, "fire_rate": 0, "range": 30, "mag_size": 5}, null], "upgrades": [null, null, null], "consumables": [null, null, null, null]}, "money": 10, "armor": 1.0, "view_distance": 500, "speed_boost_cooldown": 0, "radar_cooldown": 0, "primary_gun_pointer": 0}, "action": {"object_type": 1, "chosen_action": 1}}], "errors": [], "no_errors": ["Bad Awful Client", "$10 EBay Bot"], "players_dead": ["Bad Awful Client"], "players_alive": ["$10 EBay Bot"]}