{"tick": 19, "clients": [{"id": "e1fcb099-db64-4766-babc-1602f5a421ce", "object_type": 2, "functional": true, "error": null, "team_name": "Bad Awful Client", "shooter": {"id": "a877bc0f-fb6f-4b9d-b4f9-359a43acd2a3", "object_type": 10, "health": 100, "hitbox": {"id": "5f379b38-3e4c-45cd-bd10-49da018c8096", "object_type": 14, "width": 10, "height": 10, "position": [15.0, 15.0]}, "collidable": true, "heading": 135, "speed": 25, "inventory": {"guns": [{"id": "0f7882c0-7b56-4138-a0f5-c7087866d2fc", "object_type": 12, "health": null, "hitbox": {"id": "66c25a1e-bcfb-456e-8464-e7b15a5072ce", "object_type": 14, "width": 0, "height": 0, "position": [0, 0]}, "collidable": false, "gun_type": 1, "level": 1, "pattern": 1, "damage": 25, "fire_rate": 0, "range": 30, "mag_size": 5}, null], "upgrades": [null, null, null], "consumables": [null, null, null, null]}, "money": 10, "armor": 1.0, "view_distance": 500, "speed_boost_cooldown": 0, "radar_cooldown": 0, "primary_gun_pointer": 0}, "action": {"object_type": 1, "chosen_action": 1}}, {"id": "c1674984-e94a-4f23-8dc8-84157edcbb06", "object_type": 2, "functional": true, "error": null, "team_name": "$10 EBay Bot", "shooter": {"id": "64c5691d-54cf-4642-8c95-48b326d1420e", "object_type": 10, "health": 100, "hitbox": {"id": "1889fdac-821d-487d-a884-241806101ac2", "object_type": 14, "width": 10, "height": 10, "position": [430.62, 395.24]}, "collidable": true, "heading": 129, "speed": 25, "inventory": {"guns": [{"id": "f4119151-ccdc-4873-a8d7-99d2b9458a76", "object_type": 12, "health": null, "hitbox": {"id": "6c645b10-f81a-4e7f-b028-f2f25a1ada6b", "object_type": 14, "width": 0, "height": 0, "position": [0, 0]}, "collidable": false, "gun_type": 1, "level": 1, "pattern": 1, "damage": 25, "fire_rate": 0, "range": 30, "mag_size": 5}, null], "upgrades": [null, null, null], "consumables": [null, null, null, null]}, "money": 10, "armor": 1.0, "view_distance": 500, "speed_boost_cooldown": 0, "radar_cooldown": 0, "primary_gun_pointer": 0}, "action": {"object_type": 1, "chosen_action": 1}}], "game_map": {"id": "7e49467a-692a-49c8-a09e-78071ed6a31c", "object_type": 3, "width": 500, "height": 500, "partition": {"partition_grid": [[[{"id": "255eaa38-677f-43d5-b087-63d22cc7ceb3", "object_type": 19, "health": 10, "hitbox": {"id": "b18b8a9f-c50b-4271-a01c-d925604569e7", "object_type": 14, "width": 10, "height": 10, "position": [7, 17]}, "collidable": false, "turn_cooldown": 5, "countdown": 5}, {"id": "a877bc0f-fb6f-4b9d-b4f9-359a43acd2a3", "object_type": 10, "health": 100, "hitbox": {"id": "5f379b38-3e4c-45cd-bd10-49da018c8096", "object_type": 14, "width": 10, "height": 10, "position": [15.0, 15.0]}, "collidable": true, "heading": 135, "speed": 25, "inventory": {"guns": [{"id": "0f7882c0-7b56-4138-a0f5-c7087866d2fc", "object_type": 12, "health": null, "hitbox": {"id": "66c25a1e-bcfb-456e-8464-e7b15a5072ce", "object_type": 14, "width": 0, "height": 0, "position": [0, 0]}, "collidable": false, "gun_type": 1, "level": 1, "pattern": 1, "damage": 25, "fire_rate": 0, "range": 30, "mag_size": 5}, null], "upgrades": [null, null, null], "consumables": [null, null, null, null]}, "money": 10, "armor": 1.0, "view_distance": 500, "speed_boost_cooldown": 0, "radar_cooldown": 0, "primary_gun_pointer": 0}], [{"id": "a877bc0f-fb6f-4b9d-b4f9-359a43acd2a3", "object_type": 10, "health": 100, "hitbox": {"id": "5f379b38-3e4c-45cd-bd10-49da018c8096", "object_type": 14, "width": 10, "height": 10, "position": [15.0, 15.0]}, "collidable": true, "heading": 135, "speed": 25, "inventory": {"guns": [{"id": "0f7882c0-7b56-4138-a0f5-c7087866d2fc", "object_type": 12, "health": null, "hitbox": {"id": "66c25a1e-bcfb-456e-8464-e7b15a5072ce", "object_type": 14, "width": 0, "height": 0, "position": [0, 0]}, "collidable": false, "gun_type": 1, "level": 1, "pattern": 1, "damage": 25, "fire_rate": 0, "range": 30, "mag_size": 5}, null], "upgrades": [null, null, null], "consumables": [null, null, null, null]}, "money": 10, "armor": 1.0, "view_distance": 500, "speed_boost_cooldown": 0, "radar_cooldown": 0, "primary_gun_pointer": 0}], [], [], [], [], [], [], [], [], [], [], [], [], [], [], [], [], [], [], [], [], [], [], [{"id": "4c4cc297-73db-44bc-ae2b-7450e9d24668", "object_type": 19, "health": 10, "hitbox": {"id": "56ca7839-1338-41c7-bf75-3b6c05beb1d1", "object_type": 14, "width": 10, "height": 10, "position": [482, 4]}, "collidable": false, "turn_cooldown": 5, "countdown": 5}]], [[{"id": "a877bc0f-fb6f-4b9d-b4f9-359a43acd2a3", "object_type": 10, "health": 100, "hitbox": {"id": "5f379b38-3e4c-45cd-bd10-49da018c8096", "object_type": 14, "width": 10, "height": 10, "position": [15.0, 15.0]}, "collidable": true, "heading": 135, "speed": 25, "inventory": {"guns": [{"id": "0f7882c0-7b56-4138-a0f5-c7087866d2fc", "object_type": 12, "health": null, "hitbox": {"id": "66c25a1e-bcfb-456e-8464-e7b15a5072ce", "object_type": 14, "width": 0, "height": 0, "position": [0, 0]}, "collidable": false, "gun_type": 1, "level": 1, "pattern": 1, "damage": 25, "fire_rate": 0, "range": 30, "mag_size": 5}, null], "upgrades": [null, null, null], "consumables": [null, null, null, null]}, "money": 10, "armor": 1.0, "view_distance": 500, "speed_boost_cooldown": 0, "radar_cooldown": 0, "primary_gun_pointer": 0}], [{"id": "6b9b578d-8f3b-4c7e-9208-dc0f130ab872", "object_type": 13, "health": 300, "hitbox": {"id": "d3b6dcfc-ce10-4adb-a150-650f32ec5ece", "object_type": 14, "width": 140, "height": 140, "position": [20, 20]}, "collidable": true, "destructible": true}, {"id": "a877bc0f-fb6f-4b9d-b4f9-359a43acd2a3", "object_type": 10, "health": 100, "hitbox": {"id": "5f379b38-3e4c-45cd-bd10-49da018c8096", "object_type": 14, "width": 10, "height": 10, "position": [15.0, 15.0]}, "collidable": true, "heading": 135, "speed": 25, "inventory": {"guns": [{"id": "0f7882c0-7b56-4138-a0f5-c7087866d2fc", "object_type": 12, "health": null, "hitbox": {"id": "66c25a1e-bcfb-456e-8464-e7b15a5072ce", "object_type": 14, "width": 0, "height": 0, "position": [0, 0]}, "collidable": false, "gun_type": 1, "level": 1, "pattern": 1, "damage": 25, "fire_rate": 0, "range": 30, "mag_size": 5}, null], "upgrades": [null, null, null], "consumables": [null, null, null, null]}, "money": 10, "armor": 1.0, "view_distance": 500, "speed_boost_cooldown": 0, "radar_cooldown": 0, "primary_gun_pointer": 0}], [{"id": "6b9b578d-8f3b-4c7e-9208-dc0f130ab872", "object_type": 13, "health": 300, "hitbox": {"id": "d3b6dcfc-ce10-4adb-a150-650f32ec5ece", "object_type": 14, "width": 140, "height": 140, "position": [20, 20]}, "collidable": true, "destructible": true}], [{"id": "6b9b578d-8f3b-4c7e-9208-dc0f130ab872", "object_type": 13, "health": 300, "hitbox": {"id": "d3b6dcfc-ce10-4adb-a150-650f32ec5ece", "object_type": 14, "width": 140, "height": 140, "position": [20, 20]}, "collidable": true, "destructible": true}], [{"id": "6b9b578d-8f3b-4c7e-9208-dc0f130ab872", "object_type": 13, "health": 300, "hitbox": {"id": "d3b6dcfc-ce10-4adb-a150-650f32ec5ece", "object_type": 14, "width": 140, "height": 140, "position": [20, 20]}, "collidable": true, "destructible": true}], [{"id": "6b9b578d-8f3b-4c7e-9208-dc0f130ab872", "object_type": 13, "health": 300, "hitbox": {"id": "d3b6dcfc-ce10-4adb-a150-650f32ec5ece", "object_type": 14, "width": 140, "height": 140, "position": [20, 20]}, "collidable": true, "destructible": true}], [{"id": "6b9b578d-8f3b-4c7e-9208-dc0f130ab872", "object_type": 13, "health": 300, "hitbox": {"id": "d3b6dcfc-ce10-4adb-a150-650f32ec5ece", "object_type": 14, "width": 140, "height": 140, "position": [20, 20]}, "collidable": true, "destructible": true}], [{"id": "6b9b578d-8f3b-4c7e-9208-dc0f130ab872", "object_type": 13, "health": 300, "hitbox": {"id": "d3b6dcfc-ce10-4adb-a150-650f32ec5ece", "object_type": 14, "width": 140, "height": 140, "position": [20, 20]}, "collidable": true, "destructible": true}], [], [{"id": "58b4f299-cd15-45b2-baf6-83c1ddcb2535", "object_type": 13, "health": 50, "hitbox": {"id": "c3bdfbe8-195a-465a-935c-c3c1a9e5b5ca", "object_type": 14, "width": 20, "height": 40, "position": [180.0, 20]}, "collidable": true, "destructible": true}], [{"id": "c6fc6d5c-279b-429f-aaf2-4d6dd8f7ebe3", "object_type": 13, "health": 50, "hitbox": {"id": "759f726b-5efd-460b-94b8-bf45e3bf9da0", "object_type": 14, "width": 100, "height": 10, "position": [200.0, 20]}, "collidable": true, "destructible": true}], [{"id": "c6fc6d5c-279b-429f-aaf2-4d6dd8f7ebe3", "object_type": 13, "health": 50, "hitbox": {"id": "759f726b-5efd-460b-94b8-bf45e3bf9da0", "object_type": 14, "width": 100, "height": 10, "position": [200.0, 20]}, "collidable": true, "destructible": true}], [{"id": "c6fc6d5c-279b-429f-aaf2-4d6dd8f7ebe3", "object_type": 13, "health": 50, "hitbox": {"id": "759f726b-5efd-460b-94b8-bf45e3bf9da0", "object_type": 14, "width": 100, "height": 10, "position": [200.0, 20]}, "collidable": true, "destructible": true}], [{"id": "c6fc6d5c-279b-429f-aaf2-4d6dd8f7ebe3", "object_type": 13, "health": 50, "hitbox": {"id": "759f726b-5efd-460b-94b8-bf45e3bf9da0", "object_type": 14, "width": 100, "height": 10, "position": [200.0, 20]}, "collidable": true, "destructible": true}], [{"id": "c6fc6d5c-279b-429f-aaf2-4d6dd8f7ebe3", "object_type": 13, "health": 50, "hitbox": {"id": "759f726b-5efd-460b-94b8-bf45e3bf9da0", "object_type": 14, "width": 100, "height": 10, "position": [200.0, 20]}, "collidable": true, "destructible": true}], [{"id": "65012da1-77b0-4320-a080-8f366aa451f3", "object_type": 13, "health": 50, "hitbox": {"id": "bf65d4da-cf4f-4a3d-bf60-b40a41033fba", "object_type": 14, "width": 20, "height": 40, "position": [300.0, 20]}, "collidable": true, "destructible": true}], [], [{"id": "f63c2d08-4544-4b43-b0aa-d13b717a11f2", "object_type": 13, "health": 50, "hitbox": {"id": "567f5970-0ec5-4cb8-b9f4-758fbf13f78a", "object_type": 14, "width": 10, "height": 140, "position": [340.0, 20]}, "collidable": true, "destructible": true}], [], [], [], [], [], [], []], [[], [{"id": "6b9b578d-8f3b-4c7e-9208-dc0f130ab872", "object_type": 13, "health": 300, "hitbox": {"id": "d3b6dcfc-ce10-4adb-a150-650f32ec5ece", "object_type": 14, "width": 140, "height": 140, "position": [20, 20]}, "collidable": true, "destructible": true}], [{"id": "6b9b578d-8f3b-4c7e-9208-dc0f130ab872", "object_type": 13, "health": 300, "hitbox": {"id": "d3b6dcfc-ce10-4adb-a150-650f32ec5ece", "object_type": 14, "width": 140, "height": 140, "position": [20, 20]}, "collidable": true, "destructible": true}], [{"id": "6b9b578d-8f3b-4c7e-9208-dc0f130ab872", "object_type": 13, "health": 300, "hitbox": {"id": "d3b6dcfc-ce10-4adb-a150-650f32ec5ece", "object_type": 14, "width": 140, "height": 140, "position": [20, 20]}, "collidable": true, "destructible": true}], [{"id": "6b9b578d-8f3b-4c7e-9208-dc0f130ab872", "object_type": 13, "health": 300, "hitbox": {"id": "d3b6dcfc-ce10-4adb-a150-650f32ec5ece", "object_type": 14, "width": 140, "height": 140, "position": [20, 20]}, "collidable": true, "destructible": true}], [{"id": "6b9b578d-8f3b-4c7e-9208-dc0f130ab872", "object_type": 13, "health": 300, "hitbox": {"id": "d3b6dcfc-ce10-4adb-a150-650f32ec5ece", "object_type": 14, "width": 140, "height": 140, "position": [20, 20]}, "collidable": true, "destructible": true}], [{"id": "6b9b578d-8f3b-4c7e-9208-dc0f130ab872", "object_type": 13, "health": 300, "hitbox": {"id": "d3b6dcfc-ce10-4adb-a150-650f32ec5ece", "object_type": 14, "width": 140, "height": 140, "position": [20, 20]}, "collidable": true, "destructible": true}], [{"id": "6b9b578d-8f3b-4c7e-9208-dc0f130ab872", "object_type": 13, "health": 300, "hitbox": {"id": "d3b6dcfc-ce10-4adb-a150-650f32ec5ece", "object_type": 14, "width": 140, "height": 140, "position": [20, 20]}, "collidable": true, "destructible": true}], [], [{"id": "58b4f299-cd15-45b2-baf6-83c1ddcb2535", "object_type": 13, "health": 50, "hitbox": {"id": "c3bdfbe8-195a-465a-935c-c3c1a9e5b5ca", "object_type": 14, "width": 20, "height": 40, "position": [180.0, 20]}, "collidable": true, "destructible": true}], [], [], [], [], [], [{"id": "65012da1-77b0-4320-a080-8f366aa451f3", "object_type": 13, "health": 50, "hitbox": {"id": "bf65d4da-cf4f-4a3d-bf60-b40a41033fba", "object_type": 14, "width": 20, "height": 40, "position": [300.0, 20]}, "collidable": true, "destructible": true}], [], [{"id": "f63c2d08-4544-4b43-b0aa-d13b717a11f2", "object_type": 13, "health": 50, "hitbox": {"id": "567f5970-0ec5-4cb8-b9f4-758fbf13f78a", "object_type": 14, "width": 10, "height": 140, "position": [340.0, 20]}, "collidable": true, "destructible": true}], [], [], [], [], [], [], []], [[], [{"id": "6b9b578d-8f3b-4c7e-9208-dc0f130ab872", "object_type": 13, "health": 300, "hitbox": {"id": "d3b6dcfc-ce10-4adb-a150-650f32ec5ece", "object_type": 14, "width": 140, "height": 140, "position": [20, 20]}, "collidable": true, "destructible": true}], [{"id": "6b9b578d-8f3b-4c7e-9208-dc0f130ab872", "object_type": 13, "health": 300, "hitbox": {"id": "d3b6dcfc-ce10-4adb-a150-650f32ec5ece", "object_type": 14, "width": 140, "height": 140, "position": [20, 20]}, "collidable": true, "destructible": true}], [{"id": "6b9b578d-8f3b-4c7e-9208-dc0f130ab872", "object_type": 13, "health": 300, "hitbox": {"id": "d3b6dcfc-ce10-4adb-a150-650f32ec5ece", "object_type": 14, "width": 140, "height": 140, "position": [20, 20]}, "collidable": true, "destructible": true}], [{"id": "6b9b578d-8f3b-4c7e-9208-dc0f130ab872", "object_type": 13, "health": 300, "hitbox": {"id": "d3b6dcfc-ce10-4adb-a150-650f32ec5ece", "object_type": 14, "width": 140, "height": 140, "position": [20, 20]}, "collidable": true, "destructible": true}], [{"id": "6b9b578d-8f3b-4c7e-9208-dc0f130ab872", "object_type": 13, "health": 300, "hitbox": {"id": "d3b6dcfc-ce10-4adb-a150-650f32ec5ece", "object_type": 14, "width": 140, "height": 140, "position": [20, 20]}, "collidable": true, "destructible": true}], [{"id": "6b9b578d-8f3b-4c7e-9208-dc0f130ab872", "object_type": 13, "health": 300, "hitbox": {"id": "d3b6dcfc-ce10-4adb-a150-650f32ec5ece", "object_type": 14, "width": 140, "height": 140, "position": [20, 20]}, "collidable": true, "destructible": true}], [{"id": "6b9b578d-8f3b-4c7e-9208-dc0f130ab872", "object_type": 13, "health": 300, "hitbox": {"id": "d3b6dcfc-ce10-4adb-a150-650f32ec5ece", "object_type": 14, "width": 140, "height": 140, "position": [20, 20]}, "collidable": true, "destructible": true}], [], [{"id": "04537719-15d1-49b9-9ab9-e72d2258aa52", "object_type": 13, "health": 50, "hitbox": {"id": "d681075c-6761-415d-9849-f1d1a488e72d", "object_type": 14, "width": 10, "height": 25, "position": [185.0, 60]}, "collidable": true, "destructible": true}], [], [], [], [], [], [{"id": "c014feb4-134b-41a8-8471-d53727e4b046", "object_type": 13, "health": 50, "hitbox": {"id": "184f07f0-f450-461f-8c8d-546092b93873", "object_type": 14, "width": 10, "height": 25, "position": [305.0, 60]}, "collidable": true, "destructible": true}], [], [{"id": "f63c2d08-4544-4b43-b0aa-d13b717a11f2", "object_type": 13, "health": 50, "hitbox": {"id": "567f5970-0ec5-4cb8-b9f4-758fbf13f78a", "object_type": 14, "width": 10, "height": 140, "position": [340.0, 20]}, "collidable": true, "destructible": true}], [], [], [], [], [], [], []], [[], [{"id": "6b9b578d-8f3b-4c7e-9208-dc0f130ab872", "object_type": 13, "health": 300, "hitbox": {"id": "d3b6dcfc-ce10-4adb-a150-650f32ec5ece", "object_type": 14, "width": 140, "height": 140, "position": [20, 20]}, "collidable": true, "destructible": true}], [{"id": "6b9b578d-8f3b-4c7e-9208-dc0f130ab872", "object_type": 13, "health": 300, "hitbox": {"id": "d3b6dcfc-ce10-4adb-a150-650f32ec5ece", "object_type": 14, "width": 140, "height": 140, "position": [20, 20]}, "collidable": true, "destructible": true}], [{"id": "6b9b578d-8f3b-4c7e-9208-dc0f130ab872", "object_type": 13, "health": 300, "hitbox": {"id": "d3b6dcfc-ce10-4adb-a150-650f32ec5ece", "object_type": 14, "width": 140, "height": 140, "position": [20, 20]}, "collidable": true, "destructible": true}], [{"id": "6b9b578d-8f3b-4c7e-9208-dc0f130ab872", "object_type": 13, "health": 300, "hitbox": {"id": "d3b6dcfc-ce10-4adb-a150-650f32ec5ece", "object_type": 14, "width": 140, "height": 140, "position": [20, 20]}, "collidable": true, "destructible": true}], [{"id": "6b9b578d-8f3b-4c7e-9208-dc0f130ab872", "object_type": 13, "health": 300, "hitbox": {"id": "d3b6dcfc-ce10-4adb-a150-650f32ec5ece", "object_type": 14, "width": 140, "height": 140, "position": [20, 20]}, "collidable": true, "destructible": true}], [{"id": "6b9b578d-8f3b-4c7e-9208-dc0f130ab872", "object_type": 13, "health": 300, "hitbox": {"id": "d3b6dcfc-ce10-4adb-a150-650f32ec5ece", "object_type": 14, "width": 140, "height": 140, "position": [20, 20]}, "collidable": true, "destructible": true}], [{"id": "6b9b578d-8f3b-4c7e-9208-dc0f130ab872", "object_type": 13, "health": 300, "hitbox": {"id": "d3b6dcfc-ce10-4adb-a150-650f32ec5ece", "object_type": 14, "width": 140, "height": 140, "position": [20, 20]}, "collidable": true, "destructible": true}], [{"id": "7fd5376e-6fd1-4937-9ab7-fbef8102cbb7", "object_type": 18, "health": 2022, "hitbox": {"id": "e60c6ce0-b4cf-496a-bba8-7f9835396651", "object_type": 14, "width": 5, "height": 5, "position": [178.02068227553218, 99.52525275008531]}, "collidable": false, "amount": 47}], [{"id": "04537719-15d1-49b9-9ab9-e72d2258aa52", "object_type": 13, "health": 50, "hitbox": {"id": "d681075c-6761-415d-9849-f1d1a488e72d", "object_type": 14, "width": 10, "height": 25, "position": [185.0, 60]}, "collidable": true, "destructible": true}, {"id": "a4d49883-0a3a-4ee3-a08f-06cf679bbc2c", "object_type": 13, "health": 50, "hitbox": {"id": "72087a64-5a2b-4083-867f-fb27eedc0b03", "object_type": 14, "width": 10, "height": 25, "position": [185.0, 95]}, "collidable": true, "destructible": true}, {"id": "b80f8ae3-eed8-48e4-b56b-084204b1faa4", "object_type": 15, "health": 300, "hitbox": {"id": "69472eaa-fa98-4659-8ca9-d9fec60ddd3a", "object_type": 14, "width": 3, "height": 10, "position": [190.0, 85]}, "collidable": true, "opening_speed": 1, "open_state": false}], [], [{"id": "136a6c94-a92f-4a87-b1f4-96ecf8bc9b1a", "object_type": 18, "health": 2022, "hitbox": {"id": "68f02180-2990-4ed4-96eb-44e31f401762", "object_type": 14, "width": 5, "height": 5, "position": [229.0769998826717, 96.21209500695068]}, "collidable": false, "amount": 31}], [], [], [], [{"id": "c014feb4-134b-41a8-8471-d53727e4b046", "object_type": 13, "health": 50, "hitbox": {"id": "184f07f0-f450-461f-8c8d-546092b93873", "object_type": 14, "width": 10, "height": 25, "position": [305.0, 60]}, "collidable": true, "destructible": true}, {"id": "a30d5c82-4968-4c83-8f4c-541b917c0777", "object_type": 13, "health": 50, "hitbox": {"id": "87a882af-93cb-4e43-bf00-0470992558bc", "object_type": 14, "width": 10, "height": 25, "position": [305.0, 95]}, "collidable": true, "destructible": true}, {"id": "3dc6195e-ba86-4ab7-a611-fb69fbfc9e13", "object_type": 15, "health": 300, "hitbox": {"id": "9b8dbfbe-3a38-46e7-bf67-13e423b72974", "object_type": 14, "width": 3, "height": 10, "position": [310.0, 85]}, "collidable": true, "opening_speed": 1, "open_state": false}], [], [{"id": "f63c2d08-4544-4b43-b0aa-d13b717a11f2", "object_type": 13, "health": 50, "hitbox": {"id": "567f5970-0ec5-4cb8-b9f4-758fbf13f78a", "object_type": 14, "width": 10, "height": 140, "position": [340.0, 20]}, "collidable": true, "destructible": true}], [], [], [], [], [], [], []], [[], [{"id": "6b9b578d-8f3b-4c7e-9208-dc0f130ab872", "object_type": 13, "health": 300, "hitbox": {"id": "d3b6dcfc-ce10-4adb-a150-650f32ec5ece", "object_type": 14, "width": 140, "height": 140, "position": [20, 20]}, "collidable": true, "destructible": true}], [{"id": "6b9b578d-8f3b-4c7e-9208-dc0f130ab872", "object_type": 13, "health": 300, "hitbox": {"id": "d3b6dcfc-ce10-4adb-a150-650f32ec5ece", "object_type": 14, "width": 140, "height": 140, "position": [20, 20]}, "collidable": true, "destructible": true}], [{"id": "6b9b578d-8f3b-4c7e-9208-dc0f130ab872", "object_type": 13, "health": 300, "hitbox": {"id": "d3b6dcfc-ce10-4adb-a150-650f32ec5ece", "object_type": 14, "width": 140, "height": 140, "position": [20, 20]}, "collidable": true, "destructible": true}], [{"id": "6b9b578d-8f3b-4c7e-9208-dc0f130ab872", "object_type": 13, "health": 300, "hitbox": {"id": "d3b6dcfc-ce10-4adb-a150-650f32ec5ece", "object_type": 14, "width": 140, "height": 140, "position": [20, 20]}, "collidable": true, "destructible": true}], [{"id": "6b9b578d-8f3b-4c7e-9208-dc0f130ab872", "object_type": 13, "health": 300, "hitbox": {"id": "d3b6dcfc-ce10-4adb-a150-650f32ec5ece", "object_type": 14, "width": 140, "height": 140, "position": [20, 20]}, "collidable": true, "destructible": true}], [{"id": "6b9b578d-8f3b-4c7e-9208-dc0f130ab872", "object_type": 13, "health": 300, "hitbox": {"id": "d3b6dcfc-ce10-4adb-a150-650f32ec5ece", "object_type": 14, "width": 140, "height": 140, "position": [20, 20]}, "collidable": true, "destructible": true}], [{"id": "6b9b578d-8f3b-4c7e-9208-dc0f130ab872", "object_type": 13, "health": 300, "hitbox": {"id": "d3b6dcfc-ce10-4adb-a150-650f32ec5ece", "object_type": 14, "width": 140, "height": 140, "position": [20, 20]}, "collidable": true, "destructible": true}], [], [{"id": "a4d49883-0a3a-4ee3-a08f-06cf679bbc2c", "object_type": 13, "health": 50, "hitbox": {"id": "72087a64-5a2b-4083-867f-fb27eedc0b03", "object_type": 14, "width": 10, "height": 25, "position": [185.0, 95]}, "collidable": true, "destructible": true}], [], [], [{"id": "b5eca70a-67c7-445b-93a5-9c62d8ca71be", "object_type": 12, "health": null, "hitbox": {"id": "f51d3a8d-92b2-4d97-b078-96ce7edcaaea", "object_type": 14, "width": 5, "height": 5, "position": [242.17004397951143, 114.88331740546033]}, "collidable": false, "gun_type": 2, "level": 1, "pattern": 2, "damage": 15, "fire_rate": 3, "range": 50, "mag_size": 12}], [], [], [{"id": "a30d5c82-4968-4c83-8f4c-541b917c0777", "object_type": 13, "health": 50, "hitbox": {"id": "87a882af-93cb-4e43-bf00-0470992558bc", "object_type": 14, "width": 10, "height": 25, "position": [305.0, 95]}, "collidable": true, "destructible": true}], [], [{"id": "f63c2d08-4544-4b43-b0aa-d13b717a11f2", "object_type": 13, "health": 50, "hitbox": {"id": "567f5970-0ec5-4cb8-b9f4-758fbf13f78a", "object_type": 14, "width": 10, "height": 140, "position": [340.0, 20]}, "collidable": true, "destructible": true}], [], [{"id": "6ce9890e-92f8-4867-9f87-e28a263d1fa6", "object_type": 18, "health": 2022, "hitbox": {"id": "d82d1cfe-e351-412a-994a-b81dcacd9503", "object_type": 14, "width": 5, "height": 5, "position": [387.5091336170001, 116.01193092709764]}, "collidable": false, "amount": 34}], [], [], [], [], []], [[], [{"id": "6b9b578d-8f3b-4c7e-9208-dc0f130ab872", "object_type": 13, "health": 300, "hitbox": {"id": "d3b6dcfc-ce10-4adb-a150-650f32ec5ece", "object_type": 14, "width": 140, "height": 140, "position": [20, 20]}, "collidable": true, "destructible": true}], [{"id": "6b9b578d-8f3b-4c7e-9208-dc0f130ab872", "object_type": 13, "health": 300, "hitbox": {"id": "d3b6dcfc-ce10-4adb-a150-650f32ec5ece", "object_type": 14, "width": 140, "height": 140, "position": [20, 20]}, "collidable": true, "destructible": true}], [{"id": "6b9b578d-8f3b-4c7e-9208-dc0f130ab872", "object_type": 13, "health": 300, "hitbox": {"id": "d3b6dcfc-ce10-4adb-a150-650f32ec5ece", "object_type": 14, "width": 140, "height": 140, "position": [20, 20]}, "collidable": true, "destructible": true}], [{"id": "6b9b578d-8f3b-4c7e-9208-dc0f130ab872", "object_type": 13, "health": 300, "hitbox": {"id": "d3b6dcfc-ce10-4adb-a150-650f32ec5ece", "object_type": 14, "width": 140, "height": 140, "position": [20, 20]}, "collidable": true, "destructible": true}], [{"id": "6b9b578d-8f3b-4c7e-9208-dc0f130ab872", "object_type": 13, "health": 300, "hitbox": {"id": "d3b6dcfc-ce10-4adb-a150-650f32ec5ece", "object_type": 14, "width": 140, "height": 140, "position": [20, 20]}, "collidable": true, "destructible": true}], [{"id": "6b9b578d-8f3b-4c7e-9208-dc0f130ab872", "object_type": 13, "health": 300, "hitbox": {"id": "d3b6dcfc-ce10-4adb-a150-650f32ec5ece", "object_type": 14, "width": 140, "height": 140, "position": [20, 20]}, "collidable": true, "destructible": true}], [{"id": "6b9b578d-8f3b-4c7e-9208-dc0f130ab872", "object_type": 13, "health": 300, "hitbox": {"id": "d3b6dcfc-ce10-4adb-a150-650f32ec5ece", "object_type": 14, "width": 140, "height": 140, "position": [20, 20]}, "collidable": true, "destructible": true}], [], [{"id": "99fa291c-9110-4751-8b8a-bf2ea3c1704c", "object_type": 13, "health": 50, "hitbox": {"id": "c6ed5275-e35f-4d8e-881f-48bd88092311", "object_type": 14, "width": 20, "height": 40, "position": [180.0, 120]}, "collidable": true, "destructible": true}], [{"id": "56153b8a-154e-4dc4-8cfb-9ea819bb14c8", "object_type": 18, "health": 2022, "hitbox": {"id": "f978326c-fec8-4f25-8a31-af4fceb05ad7", "object_type": 14, "width": 5, "height": 5, "position": [213.0639514971328, 127.2740286331609]}, "collidable": false, "amount": 33}], [], [{"id": "f8c19160-c5e3-47d9-b804-6366b888626c", "object_type": 16, "health": 5, "hitbox": {"id": "8238afe8-8193-4851-82b1-eee38b69f7d4", "object_type": 14, "width": 5, "height": 5, "position": [250.46372678974456, 133.80760167031724]}, "collidable": false, "upgrade_enum": 1, "movement_enum": null, "sight_enum": null}, {"id": "587b9095-4e40-4c45-82b4-5a71a239b92c", "object_type": 18, "health": 2022, "hitbox": {"id": "f52df9ff-e7db-4904-a599-658f060e0b18", "object_type": 14, "width": 5, "height": 5, "position": [253.73387278942843, 125.81661593008141]}, "collidable": false, "amount": 50}], [], [], [{"id": "d1e51994-738d-40b3-8609-5c8fa12858a0", "object_type": 13, "health": 50, "hitbox": {"id": "84ec2fd3-bc60-46fb-b343-710d25397e47", "object_type": 14, "width": 20, "height": 40, "position": [300.0, 120]}, "collidable": true, "destructible": true}], [], [{"id": "f63c2d08-4544-4b43-b0aa-d13b717a11f2", "object_type": 13, "health": 50, "hitbox": {"id": "567f5970-0ec5-4cb8-b9f4-758fbf13f78a", "object_type": 14, "width": 10, "height": 140, "position": [340.0, 20]}, "collidable": true, "destructible": true}], [], [], [], [], [], [], []], [[], [{"id": "6b9b578d-8f3b-4c7e-9208-dc0f130ab872", "object_type": 13, "health": 300, "hitbox": {"id": "d3b6dcfc-ce10-4adb-a150-650f32ec5ece", "object_type": 14, "width": 140, "height": 140, "position": [20, 20]}, "collidable": true, "destructible": true}], [{"id": "6b9b578d-8f3b-4c7e-9208-dc0f130ab872", "object_type": 13, "health": 300, "hitbox": {"id": "d3b6dcfc-ce10-4adb-a150-650f32ec5ece", "object_type": 14, "width": 140, "height": 140, "position": [20, 20]}, "collidable": true, "destructible": true}], [{"id": "6b9b578d-8f3b-4c7e-9208-dc0f130ab872", "object_type": 13, "health": 300, "hitbox": {"id": "d3b6dcfc-ce10-4adb-a150-650f32ec5ece", "object_type": 14, "width": 140, "height": 140, "position": [20, 20]}, "collidable": true, "destructible": true}], [{"id": "6b9b578d-8f3b-4c7e-9208-dc0f130ab872", "object_type": 13, "health": 300, "hitbox": {"id": "d3b6dcfc-ce10-4adb-a150-650f32ec5ece", "object_type": 14, "width": 140, "height": 140, "position": [20, 20]}, "collidable": true, "destructible": true}], [{"id": "6b9b578d-8f3b-4c7e-9208-dc0f130ab872", "object_type": 13, "health": 300, "hitbox": {"id": "d3b6dcfc-ce10-4adb-a150-650f32ec5ece", "object_type": 14, "width": 140, "height": 140, "position": [20, 20]}, "collidable": true, "destructible": true}], [{"id": "6b9b578d-8f3b-4c7e-9208-dc0f130ab872", "object_type": 13, "health": 300, "hitbox": {"id": "d3b6dcfc-ce10-4adb-a150-650f32ec5ece", "object_type": 14, "width": 140, "height": 140, "position": [20, 20]}, "collidable": true, "destructible": true}], [{"id": "6b9b578d-8f3b-4c7e-9208-dc0f130ab872", "object_type": 13, "health": 300, "hitbox": {"id": "d3b6dcfc-ce10-4adb-a150-650f32ec5ece", "object_type": 14, "width": 140, "height": 140, "position": [20, 20]}, "collidable": true, "destructible": true}], [], [{"id": "99fa291c-9110-4751-8b8a-bf2ea3c1704c", "object_type": 13, "health": 50, "hitbox": {"id": "c6ed5275-e35f-4d8e-881f-48bd88092311", "object_type": 14, "width": 20, "height": 40, "position": [180.0, 120]}, "collidable": true, "destructible": true}], [{"id": "7a5d61f9-e5d0-482e-b5c2-9ed3de920f14", "object_type": 13, "health": 50, "hitbox": {"id": "bc594556-5aa3-4cad-a715-78c4ed3513e0", "object_type": 14, "width": 100, "height": 10, "position": [200.0, 150]}, "collidable": true, "destructible": true}], [{"id": "7a5d61f9-e5d0-482e-b5c2-9ed3de920f14", "object_type": 13, "health": 50, "hitbox": {"id": "bc594556-5aa3-4cad-a715-78c4ed3513e0", "object_type": 14, "width": 100, "height": 10, "position": [200.0, 150]}, "collidable": true, "destructible": true}], [{"id": "7a5d61f9-e5d0-482e-b5c2-9ed3de920f14", "object_type": 13, "health": 50, "hitbox": {"id": "bc594556-5aa3-4cad-a715-78c4ed3513e0", "object_type": 14, "width": 100, "height": 10, "position": [200.0, 150]}, "collidable": true, "destructible": true}], [{"id": "7a5d61f9-e5d0-482e-b5c2-9ed3de920f14", "object_type": 13, "health": 50, "hitbox": {"id": "bc594556-5aa3-4cad-a715-78c4ed3513e0", "object_type": 14, "width": 100, "height": 10, "position": [200.0, 150]}, "collidable": true, "destructible": true}], [{"id": "7a5d61f9-e5d0-482e-b5c2-9ed3de920f14", "object_type": 13, "health": 50, "hitbox": {"id": "bc594556-5aa3-4cad-a715-78c4ed3513e0", "object_type": 14, "width": 100, "height": 10, "position": [200.0, 150]}, "collidable": true, "destructible": true}], [{"id": "d1e51994-738d-40b3-8609-5c8fa12858a0", "object_type": 13, "health": 50, "hitbox": {"id": "84ec2fd3-bc60-46fb-b343-710d25397e47", "object_type": 14, "width": 20, "height": 40, "position": [300.0, 120]}, "collidable": true, "destructible": true}], [], [{"id": "f63c2d08-4544-4b43-b0aa-d13b717a11f2", "object_type": 13, "health": 50, "hitbox": {"id": "567f5970-0ec5-4cb8-b9f4-758fbf13f78a", "object_type": 14, "width": 10, "height": 140, "position": [340.0, 20]}, "collidable": true, "destructible": true}, {"id": "5f6b7139-9f8f-4e94-8057-b4b556ff1ba2", "object_type": 13, "health": 50, "hitbox": {"id": "e958440e-f3a7-43bf-83d6-137ec21fa289", "object_type": 14, "width": 130, "height": 10, "position": [350.0, 150]}, "collidable": true, "destructible": true}], [{"id": "5f6b7139-9f8f-4e94-8057-b4b556ff1ba2", "object_type": 13, "health": 50, "hitbox": {"id": "e958440e-f3a7-43bf-83d6-137ec21fa289", "object_type": 14, "width": 130, "height": 10, "position": [350.0, 150]}, "collidable": true, "destructible": true}], [{"id": "5f6b7139-9f8f-4e94-8057-b4b556ff1ba2", "object_type": 13, "health": 50, "hitbox": {"id": "e958440e-f3a7-43bf-83d6-137ec21fa289", "object_type": 14, "width": 130, "height": 10, "position": [350.0, 150]}, "collidable": true, "destructible": true}], [{"id": "5f6b7139-9f8f-4e94-8057-b4b556ff1ba2", "object_type": 13, "health": 50, "hitbox": {"id": "e958440e-f3a7-43bf-83d6-137ec21fa289", "object_type": 14, "width": 130, "height": 10, "position": [350.0, 150]}, "collidable": true, "destructible": true}], [{"id": "5f6b7139-9f8f-4e94-8057-b4b556ff1ba2", "object_type": 13, "health": 50, "hitbox": {"id": "e958440e-f3a7-43bf-83d6-137ec21fa289", "object_type": 14, "width": 130, "height": 10, "position": [350.0, 150]}, "collidable": true, "destructible": true}], [{"id": "5f6b7139-9f8f-4e94-8057-b4b556ff1ba2", "object_type": 13, "health": 50, "hitbox": {"id": "e958440e-f3a7-43bf-83d6-137ec21fa289", "object_type": 14, "width": 130, "height": 10, "position": [350.0, 150]}, "collidable": true, "destructible": true}, {"id": "7b22a4a6-e26b-4e6f-a7f9-7b87fbab744f", "object_type": 18, "health": 2022, "hitbox": {"id": "a63228ad-ba0d-4668-983b-4c2acec60655", "object_type": 14, "width": 5, "height": 5, "position": [454.49906513229905, 142.34778176938988]}, "collidable": false, "amount": 27}], [{"id": "5f6b7139-9f8f-4e94-8057-b4b556ff1ba2", "object_type": 13, "health": 50, "hitbox": {"id": "e958440e-f3a7-43bf-83d6-137ec21fa289", "object_type": 14, "width": 130, "height": 10, "position": [350.0, 150]}, "collidable": true, "destructible": true}], []], [[], [], [], [], [], [], [], [], [{"id": "536401c5-e331-421e-9575-124a10f8a241", "object_type": 18, "health": 2022, "hitbox": {"id": "025dcd5a-01b2-4934-b81e-1a7db007bc6c", "object_type": 14, "width": 5, "height": 5, "position": [178.72008262850906, 172.1218513843407]}, "collidable": false, "amount": 45}], [{"id": "3f4ea31b-bf73-44b4-8040-d4f4821c5115", "object_type": 18, "health": 2022, "hitbox": {"id": "23574ffc-2a90-4740-aba0-88da9c98661c", "object_type": 14, "width": 5, "height": 5, "position": [186.44072697542344, 165.70224186437562]}, "collidable": false, "amount": 38}, {"id": "b4b57ba1-d096-46f1-9071-41770c678f1e", "object_type": 16, "health": 5, "hitbox": {"id": "6a0cb890-1ed8-4c03-8de2-e8c20fd5f65e", "object_type": 14, "width": 5, "height": 5, "position": [194.71403265779668, 174.99182746268013]}, "collidable": false, "upgrade_enum": 2, "movement_enum": null, "sight_enum": null}], [{"id": "28abc206-9086-4281-ac42-954b734191db", "object_type": 18, "health": 2022, "hitbox": {"id": "520a3f30-74f5-489e-af07-3f3ea5a0e4a5", "object_type": 14, "width": 5, "height": 5, "position": [213.61414350623528, 160.1945049679643]}, "collidable": false, "amount": 43}, {"id": "20825ea6-8018-442d-97e6-33a3a77b9770", "object_type": 12, "health": null, "hitbox": {"id": "7181fef5-774b-43cc-8109-09f5f12fa2a9", "object_type": 14, "width": 5, "height": 5, "position": [202.33578075511406, 162.72540764990615]}, "collidable": false, "gun_type": 2, "level": 1, "pattern": 2, "damage": 15, "fire_rate": 3, "range": 50, "mag_size": 12}], [], [], [{"id": "8478fd9a-f085-4e1f-a756-8eb4568fe1c5", "object_type": 18, "health": 2022, "hitbox": {"id": "97f54d22-e1ca-4d2f-b85a-2d7e3b06dbfa", "object_type": 14, "width": 5, "height": 5, "position": [269.2500998356218, 161.33508080272287]}, "collidable": false, "amount": 26}], [{"id": "372e3c1c-6360-4c06-8309-a6007a0e0e86", "object_type": 16, "health": 5, "hitbox": {"id": "aa22cc7b-1874-44ee-8d99-53a8a09efee4", "object_type": 14, "width": 5, "height": 5, "position": [280.33992160030766, 178.33323460468776]}, "collidable": false, "upgrade_enum": 2, "movement_enum": null, "sight_enum": null}, {"id": "f4d905e7-f2cc-4765-89d6-883f0b254978", "object_type": 12, "health": null, "hitbox": {"id": "be2af309-0b7c-47fa-ae56-5f92215869b9", "object_type": 14, "width": 5, "height": 5, "position": [299.0651743653396, 169.35710525650748]}, "collidable": false, "gun_type": 2, "level": 1, "pattern": 2, "damage": 15, "fire_rate": 3, "range": 50, "mag_size": 12}], [], [{"id": "b844a34a-dca5-450e-98ca-eec3665041ab", "object_type": 19, "health": 10, "hitbox": {"id": "f0aca8c6-1c04-4169-bf3b-169b762e06a5", "object_type": 14, "width": 10, "height": 10, "position": [329, 169]}, "collidable": false, "turn_cooldown": 5, "countdown": 5}, {"id": "caac571f-6593-4cf5-9ece-fb017f82f211", "object_type": 18, "health": 2022, "hitbox": {"id": "d0f0530c-480f-4db2-a79e-c61c0380a122", "object_type": 14, "width": 5, "height": 5, "position": [339.35297953129725, 167.81670269672622]}, "collidable": false, "amount": 41}, {"id": "83788ad5-13c6-4307-9a28-dfff72c98652", "object_type": 12, "health": null, "hitbox": {"id": "93755a5a-e610-4da8-9bc4-60e1d8fa1332", "object_type": 14, "width": 5, "height": 5, "position": [320.74846833411715, 164.30577401113655]}, "collidable": false, "gun_type": 4, "level": 1, "pattern": 1, "damage": 50, "fire_rate": 0, "range": 100, "mag_size": 1}], [], [], [], [], [{"id": "e34f0778-2cb9-4e97-8f8e-ec0e1b49464a", "object_type": 12, "health": null, "hitbox": {"id": "ea042268-76f5-4216-b824-df5f0ef593b3", "object_type": 14, "width": 5, "height": 5, "position": [425.83900371283914, 166.48133179145248]}, "collidable": false, "gun_type": 1, "level": 1, "pattern": 1, "damage": 25, "fire_rate": 0, "range": 30, "mag_size": 5}], [], [], []], [[], [], [], [], [], [{"id": "b363be27-ed34-4d35-9b0b-116079af87fa", "object_type": 18, "health": 2022, "hitbox": {"id": "0ddee446-8b61-4abc-8582-96e03cd05d32", "object_type": 14, "width": 5, "height": 5, "position": [106.81802546707988, 188.02289616913447]}, "collidable": false, "amount": 36}], [], [], [], [], [{"id": "3b60bd13-6823-41d1-bf27-956c5e72187b", "object_type": 16, "health": 5, "hitbox": {"id": "491f9858-7200-4a34-ab08-4ae90b6a5b88", "object_type": 14, "width": 5, "height": 5, "position": [206.23403568996517, 192.73722265957716]}, "collidable": false, "upgrade_enum": 1, "movement_enum": null, "sight_enum": null}, {"id": "fc130aa9-d4b0-4181-977a-8855e5463b91", "object_type": 12, "health": null, "hitbox": {"id": "23c2c812-d450-47dd-83bb-f35ca97d06c2", "object_type": 14, "width": 5, "height": 5, "position": [219.09495410713714, 188.17244585602714]}, "collidable": false, "gun_type": 3, "level": 1, "pattern": 3, "damage": 10, "fire_rate": 4, "range": 10, "mag_size": 2}], [{"id": "4ee1a0cf-ea38-400f-ac3a-5f3e5aad365d", "object_type": 18, "health": 2022, "hitbox": {"id": "20449dd5-1497-4f01-8f97-8828a0092544", "object_type": 14, "width": 5, "height": 5, "position": [223.6482387972124, 192.46458306930958]}, "collidable": false, "amount": 35}, {"id": "e2fea7f4-a0dc-4d24-93a5-d3b070f3c5d3", "object_type": 16, "health": 5, "hitbox": {"id": "a9cf2e09-25d4-453a-abe5-0ac56423c1af", "object_type": 14, "width": 5, "height": 5, "position": [232.88921214986408, 190.39299564751198]}, "collidable": false, "upgrade_enum": 3, "movement_enum": null, "sight_enum": null}], [{"id": "12d14584-8456-4f0d-bdcb-6d1d6066941a", "object_type": 12, "health": null, "hitbox": {"id": "7f305a86-9d2c-4f82-b8f6-58e345d6098c", "object_type": 14, "width": 5, "height": 5, "position": [245.0089027699751, 189.4764343416874]}, "collidable": false, "gun_type": 3, "level": 1, "pattern": 3, "damage": 10, "fire_rate": 4, "range": 10, "mag_size": 2}], [], [], [], [], [], [], [], [{"id": "25ef501a-bf99-4c0b-91f3-6cad9ce8f259", "object_type": 13, "health": 50, "hitbox": {"id": "d3b001b0-b9a4-4e4b-93a5-6ea369b6a95a", "object_type": 14, "width": 30, "height": 30, "position": [410.0, 190.0]}, "collidable": true, "destructible": true}], [{"id": "25ef501a-bf99-4c0b-91f3-6cad9ce8f259", "object_type": 13, "health": 50, "hitbox": {"id": "d3b001b0-b9a4-4e4b-93a5-6ea369b6a95a", "object_type": 14, "width": 30, "height": 30, "position": [410.0, 190.0]}, "collidable": true, "destructible": true}], [], [], []], [[], [], [{"id": "4aa1519e-04eb-406a-83fd-7bc42871f908", "object_type": 13, "health": 50, "hitbox": {"id": "d822d815-62aa-4238-894d-625a32974ee5", "object_type": 14, "width": 18, "height": 18, "position": [50, 210.0]}, "collidable": true, "destructible": true}], [], [{"id": "51c16bf3-4725-48b5-a7ea-aed8b1e58161", "object_type": 13, "health": 50, "hitbox": {"id": "776d117a-49a6-4f18-b33f-cd629fd2cced", "object_type": 14, "width": 18, "height": 18, "position": [80, 210.0]}, "collidable": true, "destructible": true}], [{"id": "6da7b34c-0ab4-42fe-95c9-fa3004542968", "object_type": 13, "health": 50, "hitbox": {"id": "49a9a92e-68dc-41d7-80e5-01492ab36fea", "object_type": 14, "width": 18, "height": 18, "position": [110, 210.0]}, "collidable": true, "destructible": true}], [], [], [{"id": "ff48b324-1c71-4fdb-800e-2dbddf6a559f", "object_type": 18, "health": 2022, "hitbox": {"id": "a89f5cae-44a5-4d48-81bd-ecb02afcd081", "object_type": 14, "width": 5, "height": 5, "position": [170.63361609916376, 200.94302646727402]}, "collidable": false, "amount": 30}, {"id": "3c8febd1-742c-432e-b545-349221f71a76", "object_type": 16, "health": 5, "hitbox": {"id": "c4c8bf24-dbba-4aa0-8ef6-3858511b1509", "object_type": 14, "width": 5, "height": 5, "position": [174.98263267763133, 216.99198469970145]}, "collidable": false, "upgrade_enum": 3, "movement_enum": null, "sight_enum": null}], [], [{"id": "7cdf11d7-2a62-4704-b164-68340b51c9e5", "object_type": 18, "health": 2022, "hitbox": {"id": "03f1868d-d2e0-4b46-99e7-27ab1a8d4916", "object_type": 14, "width": 5, "height": 5, "position": [207.9364197875608, 202.55844469964956]}, "collidable": false, "amount": 28}], [{"id": "e149f3dd-228c-4dd3-9f83-7f65409ca52e", "object_type": 18, "health": 2022, "hitbox": {"id": "1c5e0ad7-7ea8-4386-8686-ad98e9557449", "object_type": 14, "width": 5, "height": 5, "position": [228.81311611250325, 214.48989530682863]}, "collidable": false, "amount": 37}], [], [{"id": "da9a4514-e0f3-4b1f-a035-4c289abf49a5", "object_type": 18, "health": 2022, "hitbox": {"id": "ef3bdfb8-8de0-4a3a-9c43-8e7df4994ddb", "object_type": 14, "width": 5, "height": 5, "position": [275.502460683049, 205.09443296835607]}, "collidable": false, "amount": 47}, {"id": "77213faf-a9e9-4e9d-9b54-3abf92c61893", "object_type": 18, "health": 2022, "hitbox": {"id": "b443822d-fb70-4d3f-83fd-cf3a1f92b5ef", "object_type": 14, "width": 5, "height": 5, "position": [264.5120997077335, 217.12809761017334]}, "collidable": false, "amount": 48}], [{"id": "50557dfd-65c5-4f14-9e16-fe90714638a5", "object_type": 12, "health": null, "hitbox": {"id": "ac005b02-5f36-486d-b2da-10095cc12db4", "object_type": 14, "width": 5, "height": 5, "position": [281.21595202935083, 201.95804886147423]}, "collidable": false, "gun_type": 4, "level": 1, "pattern": 1, "damage": 50, "fire_rate": 0, "range": 100, "mag_size": 1}], [], [{"id": "ec81ac1e-b37e-406b-8945-f637e95602ba", "object_type": 16, "health": 5, "hitbox": {"id": "bd41e479-02ca-48b4-9556-638deb062ca4", "object_type": 14, "width": 5, "height": 5, "position": [329.59992197174023, 217.94172476100346]}, "collidable": false, "upgrade_enum": 3, "movement_enum": null, "sight_enum": null}], [{"id": "eb3b1e7a-bd00-4bb9-9a35-87b2b72f0208", "object_type": 16, "health": 5, "hitbox": {"id": "c7b001ea-1677-4560-9955-8224070f3a94", "object_type": 14, "width": 5, "height": 5, "position": [358.2940799464077, 209.19714210541298]}, "collidable": false, "upgrade_enum": 3, "movement_enum": null, "sight_enum": null}], [], [], [{"id": "25ef501a-bf99-4c0b-91f3-6cad9ce8f259", "object_type": 13, "health": 50, "hitbox": {"id": "d3b001b0-b9a4-4e4b-93a5-6ea369b6a95a", "object_type": 14, "width": 30, "height": 30, "position": [410.0, 190.0]}, "collidable": true, "destructible": true}], [{"id": "25ef501a-bf99-4c0b-91f3-6cad9ce8f259", "object_type": 13, "health": 50, "hitbox": {"id": "d3b001b0-b9a4-4e4b-93a5-6ea369b6a95a", "object_type": 14, "width": 30, "height": 30, "position": [410.0, 190.0]}, "collidable": true, "destructible": true}], [], [], []], [[], [], [], [{"id": "69c6a253-5f3e-4944-8c36-9984fa26ba9a", "object_type": 13, "health": 50, "hitbox": {"id": "95e79d04-8b5d-44c6-bd1d-ec7cb826320b", "object_type": 14, "width": 2, "height": 1, "position": [68, 226.0]}, "collidable": true, "destructible": true}, {"id": "77c65c08-d383-4b7c-8137-7a373e9c2651", "object_type": 15, "health": 300, "hitbox": {"id": "5fea87ce-eee4-4e38-bc60-416e41fbf280", "object_type": 14, "width": 10, "height": 3, "position": [70, 227.0]}, "collidable": true, "opening_speed": 1, "open_state": false}], [{"id": "df378a8a-ffbc-4ea2-baf6-8bc0a293f07b", "object_type": 15, "health": 300, "hitbox": {"id": "96cd740c-4d31-459e-803b-43085aba998c", "object_type": 14, "width": 10, "height": 3, "position": [98, 227.0]}, "collidable": true, "opening_speed": 1, "open_state": false}], [{"id": "681f0549-7735-4f51-b64f-2fe9c183537e", "object_type": 13, "health": 50, "hitbox": {"id": "d81c0a00-52c0-4b14-8758-1dc78855b6a0", "object_type": 14, "width": 2, "height": 1, "position": [108, 226.0]}, "collidable": true, "destructible": true}], [{"id": "b90b09e6-9db1-4999-a193-34d97f7b38e6", "object_type": 18, "health": 2022, "hitbox": {"id": "b0c1a259-392c-4868-9cb0-70ea06dfc262", "object_type": 14, "width": 5, "height": 5, "position": [132.81583651460716, 230.0292146455552]}, "collidable": false, "amount": 47}], [], [], [], [{"id": "e1df4d17-b24b-49a4-911b-7500f80bca71", "object_type": 18, "health": 2022, "hitbox": {"id": "65a3df00-d7e2-4e49-a166-e69f396ac021", "object_type": 14, "width": 5, "height": 5, "position": [210.03046715639883, 223.41609363002698]}, "collidable": false, "amount": 40}, {"id": "1da0efd7-985b-4e51-977f-fc4f15a13078", "object_type": 18, "health": 2022, "hitbox": {"id": "2f6dd124-1a8d-469b-92e6-3e107a45495e", "object_type": 14, "width": 5, "height": 5, "position": [205.78255827442325, 239.98610451661744]}, "collidable": false, "amount": 30}], [{"id": "a2d47e04-81a7-49e8-81d2-0e035e4ae368", "object_type": 16, "health": 5, "hitbox": {"id": "93cc697d-da46-4f0b-8c7f-8db34b1674b7", "object_type": 14, "width": 5, "height": 5, "position": [224.34633822855903, 232.91898859514237]}, "collidable": false, "upgrade_enum": 1, "movement_enum": null, "sight_enum": null}], [{"id": "fbd59729-f16e-4ccd-a719-87cb1033c7c6", "object_type": 18, "health": 2022, "hitbox": {"id": "645f6bae-dda9-4325-b563-ef1e4a306e49", "object_type": 14, "width": 5, "height": 5, "position": [255.71949426152608, 234.84471319115804]}, "collidable": false, "amount": 42}, {"id": "adb26962-66d4-447a-8da2-74f08c6de063", "object_type": 16, "health": 5, "hitbox": {"id": "fa6a0954-91e8-413a-b2ca-390a113bbf57", "object_type": 14, "width": 5, "height": 5, "position": [241.9550167112772, 235.83299417163633]}, "collidable": false, "upgrade_enum": 2, "movement_enum": null, "sight_enum": null}, {"id": "bbe6b2bd-a7d0-4339-9c41-95911258b86b", "object_type": 12, "health": null, "hitbox": {"id": "96df2e63-5f3c-4e0b-a7c3-1c0a9385a06f", "object_type": 14, "width": 5, "height": 5, "position": [248.09903312147668, 231.69222217230282]}, "collidable": false, "gun_type": 2, "level": 1, "pattern": 2, "damage": 15, "fire_rate": 3, "range": 50, "mag_size": 12}], [], [{"id": "f45dac9f-31fb-42e9-90d5-28cafeb97895", "object_type": 18, "health": 2022, "hitbox": {"id": "6ee63f64-b3d3-400b-b23a-236166d50031", "object_type": 14, "width": 5, "height": 5, "position": [286.13142846425234, 224.81214762003847]}, "collidable": false, "amount": 32}], [{"id": "a1409266-16b5-4575-9a48-cfe4f0e11cef", "object_type": 12, "health": null, "hitbox": {"id": "62076346-5519-4d3a-91f9-9150135e5163", "object_type": 14, "width": 5, "height": 5, "position": [303.0859668766292, 222.38153472748937]}, "collidable": false, "gun_type": 1, "level": 1, "pattern": 1, "damage": 25, "fire_rate": 0, "range": 30, "mag_size": 5}], [{"id": "71b2e870-93b1-4b6c-93ae-1f7eb8d50add", "object_type": 18, "health": 2022, "hitbox": {"id": "670bca2c-f6cb-4ce4-9c3a-caaa8642ee1a", "object_type": 14, "width": 5, "height": 5, "position": [323.8604409427018, 233.25746038830212]}, "collidable": false, "amount": 36}, {"id": "f32afeeb-c6ab-4803-ad97-afdf2172105b", "object_type": 12, "health": null, "hitbox": {"id": "04c1ba29-2702-45e4-ba72-e98a88ba79e4", "object_type": 14, "width": 5, "height": 5, "position": [325.889855510695, 223.86929483784493]}, "collidable": false, "gun_type": 4, "level": 1, "pattern": 1, "damage": 50, "fire_rate": 0, "range": 100, "mag_size": 1}], [], [], [], [{"id": "46f9bafa-1daa-4f46-9f54-ca1bfba4246c", "object_type": 13, "health": 50, "hitbox": {"id": "c39e3b4e-2241-47ac-af80-3af171e0f192", "object_type": 14, "width": 10, "height": 10, "position": [410.0, 230.0]}, "collidable": true, "destructible": true}, {"id": "64919d54-5afe-40b1-8b72-94fc59a46ac0", "object_type": 15, "health": 300, "hitbox": {"id": "e19570aa-b147-44c3-aedf-08996e53d72a", "object_type": 14, "width": 3, "height": 10, "position": [415.0, 220.0]}, "collidable": true, "opening_speed": 1, "open_state": false}], [], [], [], []], [[], [], [{"id": "8042385c-c970-4b35-8b11-78c84e23962b", "object_type": 13, "health": 50, "hitbox": {"id": "a300f4e4-58d4-4416-b783-75774a1737b3", "object_type": 14, "width": 18, "height": 18, "position": [50, 240.0]}, "collidable": true, "destructible": true}], [], [{"id": "0c244db5-8569-468f-99e7-fbaf6b239dc4", "object_type": 13, "health": 50, "hitbox": {"id": "6642705d-96f8-47c2-969f-4e3d6fe133f7", "object_type": 14, "width": 18, "height": 18, "position": [80, 240.0]}, "collidable": true, "destructible": true}, {"id": "cfbbb4b2-3eff-4f8c-b97c-48e6b1c7d2fb", "object_type": 13, "health": 50, "hitbox": {"id": "e939c6fa-8d30-4d1a-adcf-568f1410b308", "object_type": 14, "width": 2, "height": 1, "position": [80, 258.0]}, "collidable": true, "destructible": true}], [{"id": "013ee24b-ebae-464f-82ee-a5f75bce3319", "object_type": 13, "health": 50, "hitbox": {"id": "b41cfdd6-647d-4e9c-8824-1b8abd2a94dd", "object_type": 14, "width": 18, "height": 18, "position": [110, 240.0]}, "collidable": true, "destructible": true}], [{"id": "c2481a7f-1f94-410e-827a-36a12d383c8b", "object_type": 18, "health": 2022, "hitbox": {"id": "e13421bf-78ab-4fd6-802f-787ed4d08459", "object_type": 14, "width": 5, "height": 5, "position": [130.68859726398148, 255.85090297555777]}, "collidable": false, "amount": 49}], [], [{"id": "c595fcf4-b9bc-4acb-821d-2077d3899914", "object_type": 12, "health": null, "hitbox": {"id": "b0c97a69-c847-4dc7-b251-785ba7d5bcc7", "object_type": 14, "width": 5, "height": 5, "position": [168.26733597955604, 245.29833280131282]}, "collidable": false, "gun_type": 2, "level": 1, "pattern": 2, "damage": 15, "fire_rate": 3, "range": 50, "mag_size": 12}], [], [{"id": "b44e49eb-dc9b-410e-af54-21bcdf15a0af", "object_type": 18, "health": 2022, "hitbox": {"id": "3b53cfb8-6f2b-48e4-812e-d4142341fb02", "object_type": 14, "width": 5, "height": 5, "position": [218.65398870677308, 250.70286903088697]}, "collidable": false, "amount": 49}], [], [{"id": "f811b4e9-20bc-4fe5-b1cd-ed0f2ce3448a", "object_type": 18, "health": 2022, "hitbox": {"id": "9a83597f-ac0c-4107-b09b-983bd301c30c", "object_type": 14, "width": 5, "height": 5, "position": [251.14582579998444, 249.2830270658961]}, "collidable": false, "amount": 49}, {"id": "5562b12b-a8e5-493f-8ed9-16e1dcbde9d0", "object_type": 18, "health": 2022, "hitbox": {"id": "e42114d7-86aa-410c-a2ec-87b0d576f656", "object_type": 14, "width": 5, "height": 5, "position": [256.5738636311313, 256.8313495628188]}, "collidable": false, "amount": 34}], [], [], [{"id": "d5da4a8a-425c-479e-a311-6725d847adf6", "object_type": 18, "health": 2022, "hitbox": {"id": "e05f5d67-7c98-4dfd-8c5d-1ab74c63be89", "object_type": 14, "width": 5, "height": 5, "position": [301.23476488400905, 254.1092384888099]}, "collidable": false, "amount": 25}], [{"id": "6334d9cf-139f-4cc0-9bc3-43d01045808f", "object_type": 16, "health": 5, "hitbox": {"id": "65d7f4cc-39d6-4433-a601-a9075cc22734", "object_type": 14, "width": 5, "height": 5, "position": [326.79937125099116, 252.79893343820189]}, "collidable": false, "upgrade_enum": 1, "movement_enum": null, "sight_enum": null}], [{"id": "48fef243-3652-44f6-9ce1-4739740b4c13", "object_type": 18, "health": 2022, "hitbox": {"id": "d5802e79-a273-4fe0-8453-c54a52bbc372", "object_type": 14, "width": 5, "height": 5, "position": [342.81160516642115, 256.62449589702317]}, "collidable": false, "amount": 44}], [{"id": "13e2f1af-2a30-4dd7-9542-331695cd5a0a", "object_type": 13, "health": 50, "hitbox": {"id": "c2a3e0dc-8902-49bc-b30c-5835e9bbfc40", "object_type": 14, "width": 30, "height": 30, "position": [375.0, 240.0]}, "collidable": true, "destructible": true}, {"id": "c9c11532-8a52-4739-a196-8585b197c710", "object_type": 12, "health": null, "hitbox": {"id": "e7ba875a-dad2-48f6-b756-00eee0769869", "object_type": 14, "width": 5, "height": 5, "position": [368.9274081773808, 259.97071089345553]}, "collidable": false, "gun_type": 4, "level": 1, "pattern": 1, "damage": 50, "fire_rate": 0, "range": 100, "mag_size": 1}], [{"id": "13e2f1af-2a30-4dd7-9542-331695cd5a0a", "object_type": 13, "health": 50, "hitbox": {"id": "c2a3e0dc-8902-49bc-b30c-5835e9bbfc40", "object_type": 14, "width": 30, "height": 30, "position": [375.0, 240.0]}, "collidable": true, "destructible": true}], [], [{"id": "bfba82d0-6ea7-4e55-be53-34fc19ea0c20", "object_type": 13, "health": 50, "hitbox": {"id": "53d020e9-0189-4e81-8c04-2ebc47047a79", "object_type": 14, "width": 30, "height": 30, "position": [430.0, 240.0]}, "collidable": true, "destructible": true}], [{"id": "bfba82d0-6ea7-4e55-be53-34fc19ea0c20", "object_type": 13, "health": 50, "hitbox": {"id": "53d020e9-0189-4e81-8c04-2ebc47047a79", "object_type": 14, "width": 30, "height": 30, "position": [430.0, 240.0]}, "collidable": true, "destructible": true}], [], []], [[], [], [{"id": "2e6bade5-680c-4bc6-8827-8e27056ddc60", "object_type": 13, "health": 50, "hitbox": {"id": "8e75bc1e-391b-475b-a4a0-3a155aeb6738", "object_type": 14, "width": 18, "height": 18, "position": [50, 270.0]}, "collidable": true, "destructible": true}], [], [{"id": "849b5978-7bb4-4f35-8d44-9773d0541d6c", "object_type": 13, "health": 50, "hitbox": {"id": "426f1f59-e03f-4540-a84b-d430b73b4955", "object_type": 14, "width": 18, "height": 18, "position": [80, 270.0]}, "collidable": true, "destructible": true}, {"id": "beb75b16-dbcb-4df3-8ad7-fbff4c35d3f0", "object_type": 15, "health": 300, "hitbox": {"id": "f95e3453-d388-4838-b747-12a940efd64d", "object_type": 14, "width": 3, "height": 10, "position": [81, 260.0]}, "collidable": true, "opening_speed": 1, "open_state": false}], [{"id": "4da70604-a07e-46f3-9fae-9d9446f9d1c7", "object_type": 13, "health": 50, "hitbox": {"id": "c207fb8f-aa27-4213-8485-ebe0326fb3fa", "object_type": 14, "width": 18, "height": 18, "position": [110, 270.0]}, "collidable": true, "destructible": true}], [{"id": "4588f557-5a5e-4d48-97a4-e248b6d84d0e", "object_type": 13, "health": 50, "hitbox": {"id": "7cc9ca48-6c5d-4e74-83c0-8e2dfa2a615e", "object_type": 14, "width": 2, "height": 1, "position": [126, 268.0]}, "collidable": true, "destructible": false}, {"id": "ad821fce-b766-45b8-a53e-0575b1ccdb12", "object_type": 15, "health": 300, "hitbox": {"id": "9c862993-0c17-4475-8a6f-79b4f3d980c9", "object_type": 14, "width": 3, "height": 10, "position": [126, 268.0]}, "collidable": true, "opening_speed": 1, "open_state": false}], [{"id": "6ece4673-acf6-4d28-b93a-b84b1d348c5f", "object_type": 18, "health": 2022, "hitbox": {"id": "92401cd4-f88e-4454-b9c7-f92170b6630e", "object_type": 14, "width": 5, "height": 5, "position": [141.88297163294095, 261.09527229004334]}, "collidable": false, "amount": 50}], [], [{"id": "251c945b-67c6-438a-ae1a-d2b7618ac956", "object_type": 12, "health": null, "hitbox": {"id": "e9d3bd30-6a02-4b8d-b29c-8f652e57246b", "object_type": 14, "width": 5, "height": 5, "position": [182.46561824197173, 277.190157043727]}, "collidable": false, "gun_type": 4, "level": 1, "pattern": 1, "damage": 50, "fire_rate": 0, "range": 100, "mag_size": 1}], [], [], [{"id": "5c5aa55d-a2b9-41c1-9a6f-99abe23ca5a4", "object_type": 18, "health": 2022, "hitbox": {"id": "edfbefe6-c6f8-448d-a116-1f84be54e4b6", "object_type": 14, "width": 5, "height": 5, "position": [240.8761807709832, 279.752635871506]}, "collidable": false, "amount": 25}, {"id": "4764eee5-17a3-4491-9499-20d522a51d64", "object_type": 12, "health": null, "hitbox": {"id": "91f6600c-f105-4f2d-bfb5-803a4f483990", "object_type": 14, "width": 5, "height": 5, "position": [246.18162117796305, 276.14764910156845]}, "collidable": false, "gun_type": 3, "level": 1, "pattern": 3, "damage": 10, "fire_rate": 4, "range": 10, "mag_size": 2}, {"id": "1cd3d7fa-e573-4de6-8bc0-b6cc1b97b8b7", "object_type": 18, "health": 2022, "hitbox": {"id": "d2c365d4-ee36-4479-9bec-b75a012726e7", "object_type": 14, "width": 5, "height": 5, "position": [253.4217269919153, 264.4736566850164]}, "collidable": false, "amount": 29}, {"id": "0683d4fc-0b51-4512-b196-1a71d7210125", "object_type": 18, "health": 2022, "hitbox": {"id": "2d371a22-e9d2-4623-8569-6f00920fc8fa", "object_type": 14, "width": 5, "height": 5, "position": [240.0081199077011, 274.401139058087]}, "collidable": false, "amount": 29}], [{"id": "ec4a2d06-d998-458d-a4e7-5a7553df7274", "object_type": 12, "health": null, "hitbox": {"id": "90e792ed-fd9f-48aa-ba47-074b6095dc72", "object_type": 14, "width": 5, "height": 5, "position": [278.5197983245267, 271.9341343368242]}, "collidable": false, "gun_type": 1, "level": 1, "pattern": 1, "damage": 25, "fire_rate": 0, "range": 30, "mag_size": 5}], [], [{"id": "ef103fd2-30bf-4edd-a2b7-9cc8dd871be3", "object_type": 18, "health": 2022, "hitbox": {"id": "cf016936-a9e5-423d-8686-ad57249e30f2", "object_type": 14, "width": 5, "height": 5, "position": [319.54927904462517, 266.617538151431]}, "collidable": false, "amount": 44}], [], [{"id": "6e8eee0e-5fad-4306-98a3-2230d2e2f0ae", "object_type": 12, "health": null, "hitbox": {"id": "b466257c-c7cb-4703-ac32-f3300d6a6f1a", "object_type": 14, "width": 5, "height": 5, "position": [348.69748408276683, 275.297845652815]}, "collidable": false, "gun_type": 3, "level": 1, "pattern": 3, "damage": 10, "fire_rate": 4, "range": 10, "mag_size": 2}], [{"id": "13e2f1af-2a30-4dd7-9542-331695cd5a0a", "object_type": 13, "health": 50, "hitbox": {"id": "c2a3e0dc-8902-49bc-b30c-5835e9bbfc40", "object_type": 14, "width": 30, "height": 30, "position": [375.0, 240.0]}, "collidable": true, "destructible": true}], [{"id": "13e2f1af-2a30-4dd7-9542-331695cd5a0a", "object_type": 13, "health": 50, "hitbox": {"id": "c2a3e0dc-8902-49bc-b30c-5835e9bbfc40", "object_type": 14, "width": 30, "height": 30, "position": [375.0, 240.0]}, "collidable": true, "destructible": true}], [], [{"id": "bfba82d0-6ea7-4e55-be53-34fc19ea0c20", "object_type": 13, "health": 50, "hitbox": {"id": "53d020e9-0189-4e81-8c04-2ebc47047a79", "object_type": 14, "width": 30, "height": 30, "position": [430.0, 240.0]}, "collidable": true, "destructible": true}], [{"id": "bfba82d0-6ea7-4e55-be53-34fc19ea0c20", "object_type": 13, "health": 50, "hitbox": {"id": "53d020e9-0189-4e81-8c04-2ebc47047a79", "object_type": 14, "width": 30, "height": 30, "position": [430.0, 240.0]}, "collidable": true, "destructible": true}], [], []], [[], [], [], [], [{"id": "a003baca-13fa-4533-8215-b2a3dd134fd5", "object_type": 12, "health": null, "hitbox": {"id": "37b1ff35-65e7-4b79-864b-6d4ee7731269", "object_type": 14, "width": 5, "height": 5, "position": [94.0456953116176, 283.48323480702084]}, "collidable": false, "gun_type": 1, "level": 1, "pattern": 1, "damage": 25, "fire_rate": 0, "range": 30, "mag_size": 5}], [{"id": "d574cce6-0b78-429e-bc9d-36f9e8cc23f6", "object_type": 12, "health": null, "hitbox": {"id": "3dd31c96-1c3d-4374-9434-0317513adc1b", "object_type": 14, "width": 5, "height": 5, "position": [117.66267858213479, 283.52751442946044]}, "collidable": false, "gun_type": 3, "level": 1, "pattern": 3, "damage": 10, "fire_rate": 4, "range": 10, "mag_size": 2}], [], [], [{"id": "cba80e16-cfb9-4185-915d-56c31cb35b15", "object_type": 18, "health": 2022, "hitbox": {"id": "a8034cfa-c33b-4d92-8908-d4d521367fa9", "object_type": 14, "width": 5, "height": 5, "position": [173.42301918603795, 285.83704246394217]}, "collidable": false, "amount": 47}], [], [], [{"id": "3945079b-9006-4a33-a505-9a7770e2d093", "object_type": 16, "health": 5, "hitbox": {"id": "9f849452-3ba6-4bdf-81a0-49349d3fc531", "object_type": 14, "width": 5, "height": 5, "position": [228.25492730425134, 283.48345229327396]}, "collidable": false, "upgrade_enum": 2, "movement_enum": null, "sight_enum": null}, {"id": "65247c98-b575-444d-beb2-4d009ece1607", "object_type": 16, "health": 5, "hitbox": {"id": "7222b4ad-196d-493a-9dcb-ed53954e4955", "object_type": 14, "width": 5, "height": 5, "position": [236.0766622102334, 287.71006737186457]}, "collidable": false, "upgrade_enum": 3, "movement_enum": null, "sight_enum": null}], [{"id": "3e1ca96f-0c33-44a1-8b4d-b4933faa9215", "object_type": 18, "health": 2022, "hitbox": {"id": "40815985-e281-4209-b284-10068b704896", "object_type": 14, "width": 5, "height": 5, "position": [240.8145128477902, 283.5929767564867]}, "collidable": false, "amount": 46}, {"id": "59a66475-821d-4502-90e5-8e2bb6c443c0", "object_type": 12, "health": null, "hitbox": {"id": "8a3a6e66-c032-4b65-92c6-a3234a36a939", "object_type": 14, "width": 5, "height": 5, "position": [241.94697673618884, 289.514833653682]}, "collidable": false, "gun_type": 3, "level": 1, "pattern": 3, "damage": 10, "fire_rate": 4, "range": 10, "mag_size": 2}, {"id": "42467b16-33f8-47be-b673-46b1a9f91685", "object_type": 12, "health": null, "hitbox": {"id": "ef8f054c-3813-4b44-8f43-54c9d2e3d891", "object_type": 14, "width": 5, "height": 5, "position": [258.73264175823317, 291.6759881799168]}, "collidable": false, "gun_type": 1, "level": 1, "pattern": 1, "damage": 25, "fire_rate": 0, "range": 30, "mag_size": 5}], [], [{"id": "b92a2745-66b0-4745-b435-58ce2dd8539a", "object_type": 12, "health": null, "hitbox": {"id": "1b55ce15-756a-4359-933a-ab511633b035", "object_type": 14, "width": 5, "height": 5, "position": [281.9828109684173, 287.6894766287769]}, "collidable": false, "gun_type": 4, "level": 1, "pattern": 1, "damage": 50, "fire_rate": 0, "range": 100, "mag_size": 1}, {"id": "fd410af5-34a1-47b1-88d2-9945a9d1f2eb", "object_type": 18, "health": 2022, "hitbox": {"id": "31334f2f-8da6-45b5-8aee-03fa1c4537b8", "object_type": 14, "width": 5, "height": 5, "position": [292.72939715792506, 280.0245774925082]}, "collidable": false, "amount": 48}], [{"id": "765eb0d3-cf7c-44a1-87f9-4b7d55c0b037", "object_type": 18, "health": 2022, "hitbox": {"id": "deea9db2-bd57-4bab-b9fa-a417525ea166", "object_type": 14, "width": 5, "height": 5, "position": [302.8035352299754, 289.21897927982764]}, "collidable": false, "amount": 39}], [{"id": "9a416425-d5c1-4958-94db-5374b71de8b6", "object_type": 18, "health": 2022, "hitbox": {"id": "cb1697c8-af85-419f-8e6a-8ccc534d05f1", "object_type": 14, "width": 5, "height": 5, "position": [325.03254675775827, 291.86498800292776]}, "collidable": false, "amount": 48}], [{"id": "38197e0a-fb70-414f-bd67-601e60f67079", "object_type": 13, "health": 50, "hitbox": {"id": "28ec47fd-e9c8-479d-a998-70a9a52f98db", "object_type": 14, "width": 30, "height": 30, "position": [350.0, 280.0]}, "collidable": true, "destructible": true}], [{"id": "38197e0a-fb70-414f-bd67-601e60f67079", "object_type": 13, "health": 50, "hitbox": {"id": "28ec47fd-e9c8-479d-a998-70a9a52f98db", "object_type": 14, "width": 30, "height": 30, "position": [350.0, 280.0]}, "collidable": true, "destructible": true}], [{"id": "aed4e8dc-423d-4bfc-9a5b-2c5a1221f21a", "object_type": 13, "health": 50, "hitbox": {"id": "4c426bd8-7e63-4cbd-93e5-c4cfd3afc378", "object_type": 14, "width": 20, "height": 16, "position": [380.0, 280.0]}, "collidable": true, "destructible": true}], [{"id": "dadc07c1-31c9-483c-adbe-629dd2d05eac", "object_type": 13, "health": 50, "hitbox": {"id": "56857974-6e55-47a8-ab5d-5fed2b38f9cd", "object_type": 14, "width": 30, "height": 30, "position": [410.0, 280.0]}, "collidable": true, "destructible": true}, {"id": "beaefdd1-934b-4b30-8696-5a9d3783ffeb", "object_type": 15, "health": 300, "hitbox": {"id": "9f7d5418-618a-4bca-a060-857f341bb0bf", "object_type": 14, "width": 10, "height": 3, "position": [400.0, 288.0]}, "collidable": true, "opening_speed": 1, "open_state": false}], [{"id": "dadc07c1-31c9-483c-adbe-629dd2d05eac", "object_type": 13, "health": 50, "hitbox": {"id": "56857974-6e55-47a8-ab5d-5fed2b38f9cd", "object_type": 14, "width": 30, "height": 30, "position": [410.0, 280.0]}, "collidable": true, "destructible": true}], [{"id": "2eda5d5e-3f25-4e48-a101-bb006b02440f", "object_type": 13, "health": 50, "hitbox": {"id": "726580cd-88ae-4ba7-af86-caeaa6f5928b", "object_type": 14, "width": 30, "height": 30, "position": [450.0, 280.0]}, "collidable": true, "destructible": true}], [{"id": "2eda5d5e-3f25-4e48-a101-bb006b02440f", "object_type": 13, "health": 50, "hitbox": {"id": "726580cd-88ae-4ba7-af86-caeaa6f5928b", "object_type": 14, "width": 30, "height": 30, "position": [450.0, 280.0]}, "collidable": true, "destructible": true}], []], [[], [], [], [], [], [], [], [], [{"id": "80062025-7b26-4b71-8e5a-0cdc85507990", "object_type": 18, "health": 2022, "hitbox": {"id": "afc641c8-36bb-484c-b34c-e7cda2b8b47c", "object_type": 14, "width": 5, "height": 5, "position": [169.69752328647957, 300.2540913077316]}, "collidable": false, "amount": 35}, {"id": "f0384066-87ab-4cdf-aa7f-26740adf0a4e", "object_type": 16, "health": 5, "hitbox": {"id": "f8a9e1fa-c9dd-4a19-b4b3-53c9047f07cc", "object_type": 14, "width": 5, "height": 5, "position": [171.84269934485076, 308.3471976602325]}, "collidable": false, "upgrade_enum": 2, "movement_enum": null, "sight_enum": null}], [{"id": "e0fced3e-d015-42ee-9048-8639fddea2db", "object_type": 16, "health": 5, "hitbox": {"id": "5457697d-3ada-4870-97bf-5067be04e02f", "object_type": 14, "width": 5, "height": 5, "position": [190.9939446196824, 301.11382469604575]}, "collidable": false, "upgrade_enum": 2, "movement_enum": null, "sight_enum": null}], [], [{"id": "bd7e3622-07bc-456f-92d7-8e3f5a973c6f", "object_type": 18, "health": 2022, "hitbox": {"id": "f9be09fa-f0dd-401a-8027-b9688d668827", "object_type": 14, "width": 5, "height": 5, "position": [231.54646324450843, 305.1240026650497]}, "collidable": false, "amount": 33}], [{"id": "5aabe267-60e0-49c2-8aed-7354ecdf5d83", "object_type": 12, "health": null, "hitbox": {"id": "c7204fcd-4caf-41f1-b646-f2903a181ac2", "object_type": 14, "width": 5, "height": 5, "position": [259.05258065997606, 319.5040874372684]}, "collidable": false, "gun_type": 3, "level": 1, "pattern": 3, "damage": 10, "fire_rate": 4, "range": 10, "mag_size": 2}, {"id": "26510a16-0a5c-46c9-b16a-b5496b617c81", "object_type": 12, "health": null, "hitbox": {"id": "643b97d5-c931-4874-93e3-eba94dfa7cd2", "object_type": 14, "width": 5, "height": 5, "position": [247.80618102856798, 318.39868857044485]}, "collidable": false, "gun_type": 3, "level": 1, "pattern": 3, "damage": 10, "fire_rate": 4, "range": 10, "mag_size": 2}], [], [{"id": "5d2ad126-c892-4a27-916b-a9087fc9c49a", "object_type": 18, "health": 2022, "hitbox": {"id": "4692dfe5-8933-4f68-9087-8e18d5669c0e", "object_type": 14, "width": 5, "height": 5, "position": [289.1348683671632, 308.4693447171098]}, "collidable": false, "amount": 35}, {"id": "3bec8a34-e7f7-4ba8-89e8-b73d23167a82", "object_type": 16, "health": 5, "hitbox": {"id": "e0b6e501-3918-48a0-98b1-2f4dc2d1ae2c", "object_type": 14, "width": 5, "height": 5, "position": [293.4039182036261, 316.11286890041856]}, "collidable": false, "upgrade_enum": 3, "movement_enum": null, "sight_enum": null}, {"id": "8f129bb9-d0df-46a9-8b21-118dc0d9b266", "object_type": 16, "health": 5, "hitbox": {"id": "7eefaf5b-a721-4475-b122-d4d5b8c818fd", "object_type": 14, "width": 5, "height": 5, "position": [289.9540104007761, 301.7894563615386]}, "collidable": false, "upgrade_enum": 3, "movement_enum": null, "sight_enum": null}], [{"id": "65a93eef-32a1-427b-bb6a-394d3696be99", "object_type": 12, "health": null, "hitbox": {"id": "a7175be4-46c2-4988-a27f-06784810036a", "object_type": 14, "width": 5, "height": 5, "position": [304.2909837865594, 306.6148012727463]}, "collidable": false, "gun_type": 4, "level": 1, "pattern": 1, "damage": 50, "fire_rate": 0, "range": 100, "mag_size": 1}], [{"id": "b9fccad0-c9af-4211-89d2-221364e88966", "object_type": 16, "health": 5, "hitbox": {"id": "2cbacb7c-ff7a-461d-9d4a-ecab657a747b", "object_type": 14, "width": 5, "height": 5, "position": [329.86580007099536, 300.6537911380906]}, "collidable": false, "upgrade_enum": 3, "movement_enum": null, "sight_enum": null}], [{"id": "38197e0a-fb70-414f-bd67-601e60f67079", "object_type": 13, "health": 50, "hitbox": {"id": "28ec47fd-e9c8-479d-a998-70a9a52f98db", "object_type": 14, "width": 30, "height": 30, "position": [350.0, 280.0]}, "collidable": true, "destructible": true}], [{"id": "38197e0a-fb70-414f-bd67-601e60f67079", "object_type": 13, "health": 50, "hitbox": {"id": "28ec47fd-e9c8-479d-a998-70a9a52f98db", "object_type": 14, "width": 30, "height": 30, "position": [350.0, 280.0]}, "collidable": true, "destructible": true}], [], [{"id": "dadc07c1-31c9-483c-adbe-629dd2d05eac", "object_type": 13, "health": 50, "hitbox": {"id": "56857974-6e55-47a8-ab5d-5fed2b38f9cd", "object_type": 14, "width": 30, "height": 30, "position": [410.0, 280.0]}, "collidable": true, "destructible": true}, {"id": "a525fed8-71d4-4a5a-a062-fcfa30c1abfc", "object_type": 18, "health": 2022, "hitbox": {"id": "56baee0c-404a-4cf6-b5bf-5dfefc121a94", "object_type": 14, "width": 5, "height": 5, "position": [402.18971344074356, 302.750824329584]}, "collidable": false, "amount": 31}], [{"id": "dadc07c1-31c9-483c-adbe-629dd2d05eac", "object_type": 13, "health": 50, "hitbox": {"id": "56857974-6e55-47a8-ab5d-5fed2b38f9cd", "object_type": 14, "width": 30, "height": 30, "position": [410.0, 280.0]}, "collidable": true, "destructible": true}], [{"id": "2eda5d5e-3f25-4e48-a101-bb006b02440f", "object_type": 13, "health": 50, "hitbox": {"id": "726580cd-88ae-4ba7-af86-caeaa6f5928b", "object_type": 14, "width": 30, "height": 30, "position": [450.0, 280.0]}, "collidable": true, "destructible": true}], [{"id": "2eda5d5e-3f25-4e48-a101-bb006b02440f", "object_type": 13, "health": 50, "hitbox": {"id": "726580cd-88ae-4ba7-af86-caeaa6f5928b", "object_type": 14, "width": 30, "height": 30, "position": [450.0, 280.0]}, "collidable": true, "destructible": true}], []], [[], [], [], [], [], [], [], [], [], [], [], [{"id": "684cb68b-3137-4102-af56-c393212047c9", "object_type": 12, "health": null, "hitbox": {"id": "93a65ccd-26d7-4f58-9837-3bec5ece7017", "object_type": 14, "width": 5, "height": 5, "position": [220.03006546156058, 332.21272557051105]}, "collidable": false, "gun_type": 4, "level": 1, "pattern": 1, "damage": 50, "fire_rate": 0, "range": 100, "mag_size": 1}], [], [{"id": "7ecad310-4a89-4295-8631-ac679e8c52d5", "object_type": 12, "health": null, "hitbox": {"id": "e6887002-5a3e-48e9-8454-543d4ea90169", "object_type": 14, "width": 5, "height": 5, "position": [260.78754055158925, 331.9759918018523]}, "collidable": false, "gun_type": 4, "level": 1, "pattern": 1, "damage": 50, "fire_rate": 0, "range": 100, "mag_size": 1}], [{"id": "7a6b9c38-733e-437c-8767-5e6cfb5cfaa7", "object_type": 18, "health": 2022, "hitbox": {"id": "5497348e-c53f-4d6f-8696-3d40e9ea5184", "object_type": 14, "width": 5, "height": 5, "position": [288.0093484697712, 329.76347243590124]}, "collidable": false, "amount": 50}], [], [{"id": "ee6b765d-e419-46e3-b52b-799a76b93223", "object_type": 19, "health": 10, "hitbox": {"id": "3e6e182b-ef72-44f7-9d8f-e1ae0e6dfb44", "object_type": 14, "width": 10, "height": 10, "position": [335, 332]}, "collidable": false, "turn_cooldown": 5, "countdown": 5}], [], [], [], [], [], [{"id": "f7c5d156-30ae-4c85-b43d-6c88069e07cc", "object_type": 16, "health": 5, "hitbox": {"id": "29aac954-deab-4f3d-a7ee-557d2a0a1ee0", "object_type": 14, "width": 5, "height": 5, "position": [458.5635081010992, 325.72506209896954]}, "collidable": false, "upgrade_enum": 3, "movement_enum": null, "sight_enum": null}], [], []], [[], [], [], [{"id": "eeca0d52-f50b-4f53-bd26-7b3739cc2909", "object_type": 13, "health": 50, "hitbox": {"id": "5618c2ed-96f3-40d3-a193-f15723e1d461", "object_type": 14, "width": 40, "height": 20, "position": [70, 340.0]}, "collidable": true, "destructible": true}], [{"id": "eeca0d52-f50b-4f53-bd26-7b3739cc2909", "object_type": 13, "health": 50, "hitbox": {"id": "5618c2ed-96f3-40d3-a193-f15723e1d461", "object_type": 14, "width": 40, "height": 20, "position": [70, 340.0]}, "collidable": true, "destructible": true}], [], [], [], [], [{"id": "6f920c4e-739e-4336-8d39-056857eb2db3", "object_type": 13, "health": 50, "hitbox": {"id": "ec43eb1c-8deb-4e4c-90b6-c6ca525232f2", "object_type": 14, "width": 130, "height": 10, "position": [180.0, 340.0]}, "collidable": true, "destructible": true}], [{"id": "6f920c4e-739e-4336-8d39-056857eb2db3", "object_type": 13, "health": 50, "hitbox": {"id": "ec43eb1c-8deb-4e4c-90b6-c6ca525232f2", "object_type": 14, "width": 130, "height": 10, "position": [180.0, 340.0]}, "collidable": true, "destructible": true}], [{"id": "6f920c4e-739e-4336-8d39-056857eb2db3", "object_type": 13, "health": 50, "hitbox": {"id": "ec43eb1c-8deb-4e4c-90b6-c6ca525232f2", "object_type": 14, "width": 130, "height": 10, "position": [180.0, 340.0]}, "collidable": true, "destructible": true}], [{"id": "6f920c4e-739e-4336-8d39-056857eb2db3", "object_type": 13, "health": 50, "hitbox": {"id": "ec43eb1c-8deb-4e4c-90b6-c6ca525232f2", "object_type": 14, "width": 130, "height": 10, "position": [180.0, 340.0]}, "collidable": true, "destructible": true}], [{"id": "6f920c4e-739e-4336-8d39-056857eb2db3", "object_type": 13, "health": 50, "hitbox": {"id": "ec43eb1c-8deb-4e4c-90b6-c6ca525232f2", "object_type": 14, "width": 130, "height": 10, "position": [180.0, 340.0]}, "collidable": true, "destructible": true}], [{"id": "6f920c4e-739e-4336-8d39-056857eb2db3", "object_type": 13, "health": 50, "hitbox": {"id": "ec43eb1c-8deb-4e4c-90b6-c6ca525232f2", "object_type": 14, "width": 130, "height": 10, "position": [180.0, 340.0]}, "collidable": true, "destructible": true}, {"id": "b4a9323b-4c47-4e00-a424-21f5e7b44424", "object_type": 16, "health": 5, "hitbox": {"id": "32f28138-d2c4-4323-ae08-0bea22759e00", "object_type": 14, "width": 5, "height": 5, "position": [293.3944951437792, 351.82259702623037]}, "collidable": false, "upgrade_enum": 2, "movement_enum": null, "sight_enum": null}], [{"id": "6f920c4e-739e-4336-8d39-056857eb2db3", "object_type": 13, "health": 50, "hitbox": {"id": "ec43eb1c-8deb-4e4c-90b6-c6ca525232f2", "object_type": 14, "width": 130, "height": 10, "position": [180.0, 340.0]}, "collidable": true, "destructible": true}, {"id": "c2fedfed-eec2-4ac5-ac30-7b245182c160", "object_type": 13, "health": 50, "hitbox": {"id": "b15c49fd-fca7-44f5-a050-f50e42a4a2c2", "object_type": 14, "width": 10, "height": 140, "position": [310.0, 340.0]}, "collidable": true, "destructible": true}], [{"id": "4c3ba834-f83c-4a60-ba78-3b606811134a", "object_type": 18, "health": 2022, "hitbox": {"id": "845a67b0-063a-4e1f-a6bf-434beb760db8", "object_type": 14, "width": 5, "height": 5, "position": [320.02886705499424, 348.87141102777036]}, "collidable": false, "amount": 47}], [{"id": "3cb85e17-300a-4660-9cbf-ea726056f78b", "object_type": 13, "health": 50, "hitbox": {"id": "9e3b04cb-82e5-4b14-a3b6-7c31785af421", "object_type": 14, "width": 15, "height": 50, "position": [350.0, 350.0]}, "collidable": true, "destructible": true}], [], [], [], [{"id": "ee4077f5-0029-44c6-974f-b24b8e7d0e99", "object_type": 13, "health": 50, "hitbox": {"id": "72ed0321-5928-4d31-9aef-82b24fffa1d1", "object_type": 14, "width": 50, "height": 15, "position": [430.0, 340.0]}, "collidable": true, "destructible": true}], [{"id": "ee4077f5-0029-44c6-974f-b24b8e7d0e99", "object_type": 13, "health": 50, "hitbox": {"id": "72ed0321-5928-4d31-9aef-82b24fffa1d1", "object_type": 14, "width": 50, "height": 15, "position": [430.0, 340.0]}, "collidable": true, "destructible": true}], [{"id": "ee4077f5-0029-44c6-974f-b24b8e7d0e99", "object_type": 13, "health": 50, "hitbox": {"id": "72ed0321-5928-4d31-9aef-82b24fffa1d1", "object_type": 14, "width": 50, "height": 15, "position": [430.0, 340.0]}, "collidable": true, "destructible": true}], []], [[], [{"id": "206ccc8b-1505-4aff-b2e9-ba71dc3040ac", "object_type": 13, "health": 50, "hitbox": {"id": "bafbe0f1-296a-424a-80ec-9191ad8d2e6e", "object_type": 14, "width": 140, "height": 45, "position": [20, 370.0]}, "collidable": true, "destructible": true}], [{"id": "206ccc8b-1505-4aff-b2e9-ba71dc3040ac", "object_type": 13, "health": 50, "hitbox": {"id": "bafbe0f1-296a-424a-80ec-9191ad8d2e6e", "object_type": 14, "width": 140, "height": 45, "position": [20, 370.0]}, "collidable": true, "destructible": true}], [{"id": "206ccc8b-1505-4aff-b2e9-ba71dc3040ac", "object_type": 13, "health": 50, "hitbox": {"id": "bafbe0f1-296a-424a-80ec-9191ad8d2e6e", "object_type": 14, "width": 140, "height": 45, "position": [20, 370.0]}, "collidable": true, "destructible": true}], [{"id": "206ccc8b-1505-4aff-b2e9-ba71dc3040ac", "object_type": 13, "health": 50, "hitbox": {"id": "bafbe0f1-296a-424a-80ec-9191ad8d2e6e", "object_type": 14, "width": 140, "height": 45, "position": [20, 370.0]}, "collidable": true, "destructible": true}, {"id": "0fe41c92-c6cc-4155-b6a4-b8397ba3b918", "object_type": 15, "health": 300, "hitbox": {"id": "413a0d19-ac34-4e78-abe4-1080ca2e63c6", "object_type": 14, "width": 3, "height": 10, "position": [90, 360.0]}, "collidable": true, "opening_speed": 1, "open_state": false}], [{"id": "206ccc8b-1505-4aff-b2e9-ba71dc3040ac", "object_type": 13, "health": 50, "hitbox": {"id": "bafbe0f1-296a-424a-80ec-9191ad8d2e6e", "object_type": 14, "width": 140, "height": 45, "position": [20, 370.0]}, "collidable": true, "destructible": true}], [{"id": "206ccc8b-1505-4aff-b2e9-ba71dc3040ac", "object_type": 13, "health": 50, "hitbox": {"id": "bafbe0f1-296a-424a-80ec-9191ad8d2e6e", "object_type": 14, "width": 140, "height": 45, "position": [20, 370.0]}, "collidable": true, "destructible": true}], [{"id": "206ccc8b-1505-4aff-b2e9-ba71dc3040ac", "object_type": 13, "health": 50, "hitbox": {"id": "bafbe0f1-296a-424a-80ec-9191ad8d2e6e", "object_type": 14, "width": 140, "height": 45, "position": [20, 370.0]}, "collidable": true, "destructible": true}], [], [{"id": "33b5a651-c73f-47bc-818c-6b040cdb00d6", "object_type": 18, "health": 2022, "hitbox": {"id": "8e12fb38-361b-4a86-947a-4ad606acfc03", "object_type": 14, "width": 5, "height": 5, "position": [192.2772469286657, 369.1616977969453]}, "collidable": false, "amount": 29}], [], [], [], [{"id": "83cf40a8-f674-48fe-9e90-f574e2f7baa5", "object_type": 18, "health": 2022, "hitbox": {"id": "ccd410e9-c75a-4d9a-b66b-7ca0c14d94b0", "object_type": 14, "width": 5, "height": 5, "position": [275.7417316093708, 365.8978305286544]}, "collidable": false, "amount": 31}], [], [{"id": "c2fedfed-eec2-4ac5-ac30-7b245182c160", "object_type": 13, "health": 50, "hitbox": {"id": "b15c49fd-fca7-44f5-a050-f50e42a4a2c2", "object_type": 14, "width": 10, "height": 140, "position": [310.0, 340.0]}, "collidable": true, "destructible": true}], [], [{"id": "3cb85e17-300a-4660-9cbf-ea726056f78b", "object_type": 13, "health": 50, "hitbox": {"id": "9e3b04cb-82e5-4b14-a3b6-7c31785af421", "object_type": 14, "width": 15, "height": 50, "position": [350.0, 350.0]}, "collidable": true, "destructible": true}], [], [], [], [], [], [], []], [[], [{"id": "206ccc8b-1505-4aff-b2e9-ba71dc3040ac", "object_type": 13, "health": 50, "hitbox": {"id": "bafbe0f1-296a-424a-80ec-9191ad8d2e6e", "object_type": 14, "width": 140, "height": 45, "position": [20, 370.0]}, "collidable": true, "destructible": true}], [{"id": "206ccc8b-1505-4aff-b2e9-ba71dc3040ac", "object_type": 13, "health": 50, "hitbox": {"id": "bafbe0f1-296a-424a-80ec-9191ad8d2e6e", "object_type": 14, "width": 140, "height": 45, "position": [20, 370.0]}, "collidable": true, "destructible": true}], [{"id": "206ccc8b-1505-4aff-b2e9-ba71dc3040ac", "object_type": 13, "health": 50, "hitbox": {"id": "bafbe0f1-296a-424a-80ec-9191ad8d2e6e", "object_type": 14, "width": 140, "height": 45, "position": [20, 370.0]}, "collidable": true, "destructible": true}], [{"id": "206ccc8b-1505-4aff-b2e9-ba71dc3040ac", "object_type": 13, "health": 50, "hitbox": {"id": "bafbe0f1-296a-424a-80ec-9191ad8d2e6e", "object_type": 14, "width": 140, "height": 45, "position": [20, 370.0]}, "collidable": true, "destructible": true}], [{"id": "206ccc8b-1505-4aff-b2e9-ba71dc3040ac", "object_type": 13, "health": 50, "hitbox": {"id": "bafbe0f1-296a-424a-80ec-9191ad8d2e6e", "object_type": 14, "width": 140, "height": 45, "position": [20, 370.0]}, "collidable": true, "destructible": true}], [{"id": "206ccc8b-1505-4aff-b2e9-ba71dc3040ac", "object_type": 13, "health": 50, "hitbox": {"id": "bafbe0f1-296a-424a-80ec-9191ad8d2e6e", "object_type": 14, "width": 140, "height": 45, "position": [20, 370.0]}, "collidable": true, "destructible": true}], [{"id": "206ccc8b-1505-4aff-b2e9-ba71dc3040ac", "object_type": 13, "health": 50, "hitbox": {"id": "bafbe0f1-296a-424a-80ec-9191ad8d2e6e", "object_type": 14, "width": 140, "height": 45, "position": [20, 370.0]}, "collidable": true, "destructible": true}], [], [], [], [], [], [{"id": "8133621c-372f-487f-be53-385bd905c2f1", "object_type": 12, "health": null, "hitbox": {"id": "f28395f9-5ec0-4e1c-a9ed-963fa0084604", "object_type": 14, "width": 5, "height": 5, "position": [262.618888258564, 380.64596488661584]}, "collidable": false, "gun_type": 3, "level": 1, "pattern": 3, "damage": 10, "fire_rate": 4, "range": 10, "mag_size": 2}], [], [{"id": "c2fedfed-eec2-4ac5-ac30-7b245182c160", "object_type": 13, "health": 50, "hitbox": {"id": "b15c49fd-fca7-44f5-a050-f50e42a4a2c2", "object_type": 14, "width": 10, "height": 140, "position": [310.0, 340.0]}, "collidable": true, "destructible": true}], [], [{"id": "3cb85e17-300a-4660-9cbf-ea726056f78b", "object_type": 13, "health": 50, "hitbox": {"id": "9e3b04cb-82e5-4b14-a3b6-7c31785af421", "object_type": 14, "width": 15, "height": 50, "position": [350.0, 350.0]}, "collidable": true, "destructible": true}], [], [{"id": "dbec578f-e26f-4118-81c8-6329ede8b651", "object_type": 13, "health": 50, "hitbox": {"id": "0dbb3d98-acce-431e-9c03-d4114a9fb3df", "object_type": 14, "width": 50, "height": 50, "position": [385.0, 385.0]}, "collidable": true, "destructible": true}], [{"id": "dbec578f-e26f-4118-81c8-6329ede8b651", "object_type": 13, "health": 50, "hitbox": {"id": "0dbb3d98-acce-431e-9c03-d4114a9fb3df", "object_type": 14, "width": 50, "height": 50, "position": [385.0, 385.0]}, "collidable": true, "destructible": true}], [{"id": "dbec578f-e26f-4118-81c8-6329ede8b651", "object_type": 13, "health": 50, "hitbox": {"id": "0dbb3d98-acce-431e-9c03-d4114a9fb3df", "object_type": 14, "width": 50, "height": 50, "position": [385.0, 385.0]}, "collidable": true, "destructible": true}, {"id": "64c5691d-54cf-4642-8c95-48b326d1420e", "object_type": 10, "health": 100, "hitbox": {"id": "1889fdac-821d-487d-a884-241806101ac2", "object_type": 14, "width": 10, "height": 10, "position": [430.62, 395.24]}, "collidable": true, "heading": 129, "speed": 25, "inventory": {"guns": [{"id": "f4119151-ccdc-4873-a8d7-99d2b9458a76", "object_type": 12, "health": null, "hitbox": {"id": "6c645b10-f81a-4e7f-b028-f2f25a1ada6b", "object_type": 14, "width": 0, "height": 0, "position": [0, 0]}, "collidable": false, "gun_type": 1, "level": 1, "pattern": 1, "damage": 25, "fire_rate": 0, "range": 30, "mag_size": 5}, null], "upgrades": [null, null, null], "consumables": [null, null, null, null]}, "money": 10, "armor": 1.0, "view_distance": 500, "speed_boost_cooldown": 0, "radar_cooldown": 0, "primary_gun_pointer": 0}], [], [], []], [[], [{"id": "206ccc8b-1505-4aff-b2e9-ba71dc3040ac", "object_type": 13, "health": 50, "hitbox": {"id": "bafbe0f1-296a-424a-80ec-9191ad8d2e6e", "object_type": 14, "width": 140, "height": 45, "position": [20, 370.0]}, "collidable": true, "destructible": true}], [{"id": "206ccc8b-1505-4aff-b2e9-ba71dc3040ac", "object_type": 13, "health": 50, "hitbox": {"id": "bafbe0f1-296a-424a-80ec-9191ad8d2e6e", "object_type": 14, "width": 140, "height": 45, "position": [20, 370.0]}, "collidable": true, "destructible": true}], [{"id": "206ccc8b-1505-4aff-b2e9-ba71dc3040ac", "object_type": 13, "health": 50, "hitbox": {"id": "bafbe0f1-296a-424a-80ec-9191ad8d2e6e", "object_type": 14, "width": 140, "height": 45, "position": [20, 370.0]}, "collidable": true, "destructible": true}], [{"id": "206ccc8b-1505-4aff-b2e9-ba71dc3040ac", "object_type": 13, "health": 50, "hitbox": {"id": "bafbe0f1-296a-424a-80ec-9191ad8d2e6e", "object_type": 14, "width": 140, "height": 45, "position": [20, 370.0]}, "collidable": true, "destructible": true}, {"id": "7c68a448-1227-41c0-b9aa-dd196a898188", "object_type": 13, "health": 50, "hitbox": {"id": "97b6518a-1080-4107-ae77-2d3833d67dad", "object_type": 14, "width": 10, "height": 15, "position": [85, 415.0]}, "collidable": true, "destructible": true}], [{"id": "206ccc8b-1505-4aff-b2e9-ba71dc3040ac", "object_type": 13, "health": 50, "hitbox": {"id": "bafbe0f1-296a-424a-80ec-9191ad8d2e6e", "object_type": 14, "width": 140, "height": 45, "position": [20, 370.0]}, "collidable": true, "destructible": true}], [{"id": "206ccc8b-1505-4aff-b2e9-ba71dc3040ac", "object_type": 13, "health": 50, "hitbox": {"id": "bafbe0f1-296a-424a-80ec-9191ad8d2e6e", "object_type": 14, "width": 140, "height": 45, "position": [20, 370.0]}, "collidable": true, "destructible": true}], [{"id": "206ccc8b-1505-4aff-b2e9-ba71dc3040ac", "object_type": 13, "health": 50, "hitbox": {"id": "bafbe0f1-296a-424a-80ec-9191ad8d2e6e", "object_type": 14, "width": 140, "height": 45, "position": [20, 370.0]}, "collidable": true, "destructible": true}], [], [], [], [{"id": "48aad88f-89eb-448e-b342-76981e482cb7", "object_type": 18, "health": 2022, "hitbox": {"id": "1db7ffd9-b543-41f4-a5c1-e013c1a7efef", "object_type": 14, "width": 5, "height": 5, "position": [225.40985346877488, 419.6480864292401]}, "collidable": false, "amount": 38}], [], [], [], [{"id": "c2fedfed-eec2-4ac5-ac30-7b245182c160", "object_type": 13, "health": 50, "hitbox": {"id": "b15c49fd-fca7-44f5-a050-f50e42a4a2c2", "object_type": 14, "width": 10, "height": 140, "position": [310.0, 340.0]}, "collidable": true, "destructible": true}], [], [], [], [{"id": "dbec578f-e26f-4118-81c8-6329ede8b651", "object_type": 13, "health": 50, "hitbox": {"id": "0dbb3d98-acce-431e-9c03-d4114a9fb3df", "object_type": 14, "width": 50, "height": 50, "position": [385.0, 385.0]}, "collidable": true, "destructible": true}], [{"id": "dbec578f-e26f-4118-81c8-6329ede8b651", "object_type": 13, "health": 50, "hitbox": {"id": "0dbb3d98-acce-431e-9c03-d4114a9fb3df", "object_type": 14, "width": 50, "height": 50, "position": [385.0, 385.0]}, "collidable": true, "destructible": true}], [{"id": "dbec578f-e26f-4118-81c8-6329ede8b651", "object_type": 13, "health": 50, "hitbox": {"id": "0dbb3d98-acce-431e-9c03-d4114a9fb3df", "object_type": 14, "width": 50, "height": 50, "position": [385.0, 385.0]}, "collidable": true, "destructible": true}, {"id": "64c5691d-54cf-4642-8c95-48b326d1420e", "object_type": 10, "health": 100, "hitbox": {"id": "1889fdac-821d-487d-a884-241806101ac2", "object_type": 14, "width": 10, "height": 10, "position": [430.62, 395.24]}, "collidable": true, "heading": 129, "speed": 25, "inventory": {"guns": [{"id": "f4119151-ccdc-4873-a8d7-99d2b9458a76", "object_type": 12, "health": null, "hitbox": {"id": "6c645b10-f81a-4e7f-b028-f2f25a1ada6b", "object_type": 14, "width": 0, "height": 0, "position": [0, 0]}, "collidable": false, "gun_type": 1, "level": 1, "pattern": 1, "damage": 25, "fire_rate": 0, "range": 30, "mag_size": 5}, null], "upgrades": [null, null, null], "consumables": [null, null, null, null]}, "money": 10, "armor": 1.0, "view_distance": 500, "speed_boost_cooldown": 0, "radar_cooldown": 0, "primary_gun_pointer": 0}], [], [], []], [[], [], [], [], [{"id": "532de486-d9de-4da6-9839-c95f1a7f126f", "object_type": 15, "health": 300, "hitbox": {"id": "d4dffd44-938b-4013-91bb-9128fcbc7382", "object_type": 14, "width": 3, "height": 10, "position": [90, 420.0]}, "collidable": true, "opening_speed": 1, "open_state": false}], [], [], [], [], [], [], [], [], [], [], [{"id": "c2fedfed-eec2-4ac5-ac30-7b245182c160", "object_type": 13, "health": 50, "hitbox": {"id": "b15c49fd-fca7-44f5-a050-f50e42a4a2c2", "object_type": 14, "width": 10, "height": 140, "position": [310.0, 340.0]}, "collidable": true, "destructible": true}, {"id": "9d1983e5-f386-44eb-8ba1-aa4aee6b11a5", "object_type": 18, "health": 2022, "hitbox": {"id": "68b0b4e0-52f6-4e65-bc8f-2aba22baf609", "object_type": 14, "width": 5, "height": 5, "position": [301.9466941641294, 422.2725722810515]}, "collidable": false, "amount": 39}], [], [], [], [{"id": "dbec578f-e26f-4118-81c8-6329ede8b651", "object_type": 13, "health": 50, "hitbox": {"id": "0dbb3d98-acce-431e-9c03-d4114a9fb3df", "object_type": 14, "width": 50, "height": 50, "position": [385.0, 385.0]}, "collidable": true, "destructible": true}], [{"id": "dbec578f-e26f-4118-81c8-6329ede8b651", "object_type": 13, "health": 50, "hitbox": {"id": "0dbb3d98-acce-431e-9c03-d4114a9fb3df", "object_type": 14, "width": 50, "height": 50, "position": [385.0, 385.0]}, "collidable": true, "destructible": true}], [{"id": "dbec578f-e26f-4118-81c8-6329ede8b651", "object_type": 13, "health": 50, "hitbox": {"id": "0dbb3d98-acce-431e-9c03-d4114a9fb3df", "object_type": 14, "width": 50, "height": 50, "position": [385.0, 385.0]}, "collidable": true, "destructible": true}], [{"id": "956a59c1-e0e6-41d7-822c-2768a2b6c906", "object_type": 13, "health": 50, "hitbox": {"id": "a8b4f53d-5f77-4f70-ace3-2972e4db3618", "object_type": 14, "width": 15, "height": 50, "position": [455.0, 435.0]}, "collidable": true, "destructible": true}], [], []], [[], [{"id": "81e98463-8c8d-41a0-93f5-07e55734fd0f", "object_type": 13, "health": 50, "hitbox": {"id": "ec7c7258-b749-44d3-862b-7d5dc9bdd413", "object_type": 14, "width": 140, "height": 10, "position": [20, 440.0]}, "collidable": true, "destructible": true}], [{"id": "81e98463-8c8d-41a0-93f5-07e55734fd0f", "object_type": 13, "health": 50, "hitbox": {"id": "ec7c7258-b749-44d3-862b-7d5dc9bdd413", "object_type": 14, "width": 140, "height": 10, "position": [20, 440.0]}, "collidable": true, "destructible": true}], [{"id": "81e98463-8c8d-41a0-93f5-07e55734fd0f", "object_type": 13, "health": 50, "hitbox": {"id": "ec7c7258-b749-44d3-862b-7d5dc9bdd413", "object_type": 14, "width": 140, "height": 10, "position": [20, 440.0]}, "collidable": true, "destructible": true}], [{"id": "81e98463-8c8d-41a0-93f5-07e55734fd0f", "object_type": 13, "health": 50, "hitbox": {"id": "ec7c7258-b749-44d3-862b-7d5dc9bdd413", "object_type": 14, "width": 140, "height": 10, "position": [20, 440.0]}, "collidable": true, "destructible": true}, {"id": "0b3c7f79-ad40-4e30-bbaa-a90beaeba5e3", "object_type": 15, "health": 300, "hitbox": {"id": "c31ecf2e-e584-4ff9-a06a-d694c79c64fd", "object_type": 14, "width": 3, "height": 10, "position": [90, 450.0]}, "collidable": true, "opening_speed": 1, "open_state": false}], [{"id": "81e98463-8c8d-41a0-93f5-07e55734fd0f", "object_type": 13, "health": 50, "hitbox": {"id": "ec7c7258-b749-44d3-862b-7d5dc9bdd413", "object_type": 14, "width": 140, "height": 10, "position": [20, 440.0]}, "collidable": true, "destructible": true}], [{"id": "81e98463-8c8d-41a0-93f5-07e55734fd0f", "object_type": 13, "health": 50, "hitbox": {"id": "ec7c7258-b749-44d3-862b-7d5dc9bdd413", "object_type": 14, "width": 140, "height": 10, "position": [20, 440.0]}, "collidable": true, "destructible": true}], [{"id": "81e98463-8c8d-41a0-93f5-07e55734fd0f", "object_type": 13, "health": 50, "hitbox": {"id": "ec7c7258-b749-44d3-862b-7d5dc9bdd413", "object_type": 14, "width": 140, "height": 10, "position": [20, 440.0]}, "collidable": true, "destructible": true}], [], [], [], [], [], [], [], [{"id": "c2fedfed-eec2-4ac5-ac30-7b245182c160", "object_type": 13, "health": 50, "hitbox": {"id": "b15c49fd-fca7-44f5-a050-f50e42a4a2c2", "object_type": 14, "width": 10, "height": 140, "position": [310.0, 340.0]}, "collidable": true, "destructible": true}], [], [], [], [], [], [], [{"id": "956a59c1-e0e6-41d7-822c-2768a2b6c906", "object_type": 13, "health": 50, "hitbox": {"id": "a8b4f53d-5f77-4f70-ace3-2972e4db3618", "object_type": 14, "width": 15, "height": 50, "position": [455.0, 435.0]}, "collidable": true, "destructible": true}], [], []], [[], [], [], [{"id": "65e237b0-a5ae-459b-ad22-81cdf6c13a3b", "object_type": 13, "health": 50, "hitbox": {"id": "fa774ac5-c106-4099-97ec-dbed6f1255e4", "object_type": 14, "width": 40, "height": 20, "position": [70, 460.0]}, "collidable": true, "destructible": true}], [{"id": "65e237b0-a5ae-459b-ad22-81cdf6c13a3b", "object_type": 13, "health": 50, "hitbox": {"id": "fa774ac5-c106-4099-97ec-dbed6f1255e4", "object_type": 14, "width": 40, "height": 20, "position": [70, 460.0]}, "collidable": true, "destructible": true}], [], [], [], [], [], [], [], [], [], [], [{"id": "c2fedfed-eec2-4ac5-ac30-7b245182c160", "object_type": 13, "health": 50, "hitbox": {"id": "b15c49fd-fca7-44f5-a050-f50e42a4a2c2", "object_type": 14, "width": 10, "height": 140, "position": [310.0, 340.0]}, "collidable": true, "destructible": true}], [], [{"id": "b66c6d43-acf5-4c0c-a87d-d95f5a33e554", "object_type": 13, "health": 50, "hitbox": {"id": "1c2bb9ce-7075-47f8-aadd-e7e5d7f676f3", "object_type": 14, "width": 50, "height": 15, "position": [350.0, 465.0]}, "collidable": true, "destructible": true}], [{"id": "b66c6d43-acf5-4c0c-a87d-d95f5a33e554", "object_type": 13, "health": 50, "hitbox": {"id": "1c2bb9ce-7075-47f8-aadd-e7e5d7f676f3", "object_type": 14, "width": 50, "height": 15, "position": [350.0, 465.0]}, "collidable": true, "destructible": true}], [{"id": "b66c6d43-acf5-4c0c-a87d-d95f5a33e554", "object_type": 13, "health": 50, "hitbox": {"id": "1c2bb9ce-7075-47f8-aadd-e7e5d7f676f3", "object_type": 14, "width": 50, "height": 15, "position": [350.0, 465.0]}, "collidable": true, "destructible": true}], [], [], [{"id": "956a59c1-e0e6-41d7-822c-2768a2b6c906", "object_type": 13, "health": 50, "hitbox": {"id": "a8b4f53d-5f77-4f70-ace3-2972e4db3618", "object_type": 14, "width": 15, "height": 50, "position": [455.0, 435.0]}, "collidable": true, "destructible": true}], [], []], [[], [], [], [], [], [], [], [], [{"id": "0470e664-43f6-459b-b44e-da4425865a32", "object_type": 19, "health": 10, "hitbox": {"id": "1c74bc0c-8083-4242-b0b8-578bd22b1ebd", "object_type": 14, "width": 10, "height": 10, "position": [162, 483]}, "collidable": false, "turn_cooldown": 5, "countdown": 5}], [], [], [], [], [], [], [], [], [], [], [], [], [], [], [], []]]}, "ray_list": [], "teleporter_list": [{"id": "255eaa38-677f-43d5-b087-63d22cc7ceb3", "object_type": 19, "health": 10, "hitbox": {"id": "b18b8a9f-c50b-4271-a01c-d925604569e7", "object_type": 14, "width": 10, "height": 10, "position": [7, 17]}, "collidable": false, "turn_cooldown": 5, "countdown": 5}, {"id": "0470e664-43f6-459b-b44e-da4425865a32", "object_type": 19, "health": 10, "hitbox": {"id": "1c74bc0c-8083-4242-b0b8-578bd22b1ebd", "object_type": 14, "width": 10, "height": 10, "position": [162, 483]}, "collidable": false, "turn_cooldown": 5, "countdown": 5}, {"id": "ee6b765d-e419-46e3-b52b-799a76b93223", "object_type": 19, "health": 10, "hitbox": {"id": "3e6e182b-ef72-44f7-9d8f-e1ae0e6dfb44", "object_type": 14, "width": 10, "height": 10, "position": [335, 332]}, "collidable": false, "turn_cooldown": 5, "countdown": 5}, {"id": "4c4cc297-73db-44bc-ae2b-7450e9d24668", "object_type": 19, "health": 10, "hitbox": {"id": "56ca7839-1338-41c7-bf75-3b6c05beb1d1", "object_type": 14, "width": 10, "height": 10, "position": [482, 4]}, "collidable": false, "turn_cooldown": 5, "countdown": 5}, {"id": "b844a34a-dca5-450e-98ca-eec3665041ab", "object_type": 19, "health": 10, "hitbox": {"id": "f0aca8c6-1c04-4169-bf3b-169b762e06a5", "object_type": 14, "width": 10, "height": 10, "position": [329, 169]}, "collidable": false, "turn_cooldown": 5, "countdown": 5}], "circle_radius": 388.5533905932738}}