{"players": [{"id": "21f1bd18-1a85-457e-a867-fed730119903", "object_type": 2, "functional": true, "error": null, "team_name": "Bad Awful Client", "shooter": {"id": "0bfbf27e-089e-40a6-a0a4-a157f8b43cfe", "object_type": 10, "health": 0, "hitbox": {"id": "6efd94d2-7b27-4ba0-a917-f4db78455b00", "object_type": 14, "width": 10, "height": 10, "position": [2.07, 6.05]}, "collidable": true, "heading": 224, "speed": 25, "inventory": {"guns": [{"id": "b044c58e-3368-4de9-bdea-602f37b9bce3", "object_type": 12, "health": null, "hitbox": {"id": "7e58dc3b-3c40-4e31-8026-b4f47e6e211e", "object_type": 14, "width": 0, "height": 0, "position": [0, 0]}, "collidable": false, "gun_type": 1, "level": 1, "pattern": 1, "damage": 25, "fire_rate": 0, "range": 30, "mag_size": 5}, null], "upgrades": [null, null, null], "consumables": [null, null, null, null]}, "money": 10, "armor": 1.0, "view_distance": 500, "speed_boost_cooldown": 0, "radar_cooldown": 0, "primary_gun_pointer": 0}, "action": {"object_type": 1, "chosen_action": 1}}, {"id": "5d314be9-a863-41c3-a2bf-da7050f2d78f", "object_type": 2, "functional": true, "error": null, "team_name": "$10 EBay Bot", "shooter": {"id": "54e6b4a1-7330-4fca-975c-fc035d6a1bb3", "object_type": 10, "health": 100, "hitbox": {"id": "4e8dbf6b-64fb-4038-b831-6b9f9db827e4", "object_type": 14, "width": 10, "height": 10, "position": [475.74, 424.82]}, "collidable": true, "heading": 128, "speed": 25, "inventory": {"guns": [{"id": "c67c5e75-8f73-4e11-8c99-845af88b2028", "object_type": 12, "health": null, "hitbox": {"id": "7b9fba5d-6e29-481c-ac35-61ce3b3379bf", "object_type": 14, "width": 0, "height": 0, "position": [0, 0]}, "collidable": false, "gun_type": 1, "level": 1, "pattern": 1, "damage": 25, "fire_rate": 0, "range": 30, "mag_size": 5}, null], "upgrades": [null, null, null], "consumables": [null, null, null, null]}, "money": 10, "armor": 1.0, "view_distance": 500, "speed_boost_cooldown": 0, "radar_cooldown": 0, "primary_gun_pointer": 0}, "action": {"object_type": 1, "chosen_action": 1}}], "errors": [], "no_errors": ["Bad Awful Client", "$10 EBay Bot"], "players_dead": ["Bad Awful Client"], "players_alive": ["$10 EBay Bot"]}