{"tick": 31, "clients": [{"id": "21f1bd18-1a85-457e-a867-fed730119903", "object_type": 2, "functional": true, "error": null, "team_name": "Bad Awful Client", "shooter": {"id": "0bfbf27e-089e-40a6-a0a4-a157f8b43cfe", "object_type": 10, "health": 80, "hitbox": {"id": "6efd94d2-7b27-4ba0-a917-f4db78455b00", "object_type": 14, "width": 10, "height": 10, "position": [2.07, 6.05]}, "collidable": true, "heading": 224, "speed": 25, "inventory": {"guns": [{"id": "b044c58e-3368-4de9-bdea-602f37b9bce3", "object_type": 12, "health": null, "hitbox": {"id": "7e58dc3b-3c40-4e31-8026-b4f47e6e211e", "object_type": 14, "width": 0, "height": 0, "position": [0, 0]}, "collidable": false, "gun_type": 1, "level": 1, "pattern": 1, "damage": 25, "fire_rate": 0, "range": 30, "mag_size": 5}, null], "upgrades": [null, null, null], "consumables": [null, null, null, null]}, "money": 10, "armor": 1.0, "view_distance": 500, "speed_boost_cooldown": 0, "radar_cooldown": 0, "primary_gun_pointer": 0}, "action": {"object_type": 1, "chosen_action": 1}}, {"id": "5d314be9-a863-41c3-a2bf-da7050f2d78f", "object_type": 2, "functional": true, "error": null, "team_name": "$10 EBay Bot", "shooter": {"id": "54e6b4a1-7330-4fca-975c-fc035d6a1bb3", "object_type": 10, "health": 100, "hitbox": {"id": "4e8dbf6b-64fb-4038-b831-6b9f9db827e4", "object_type": 14, "width": 10, "height": 10, "position": [475.74, 424.82]}, "collidable": true, "heading": 128, "speed": 25, "inventory": {"guns": [{"id": "c67c5e75-8f73-4e11-8c99-845af88b2028", "object_type": 12, "health": null, "hitbox": {"id": "7b9fba5d-6e29-481c-ac35-61ce3b3379bf", "object_type": 14, "width": 0, "height": 0, "position": [0, 0]}, "collidable": false, "gun_type": 1, "level": 1, "pattern": 1, "damage": 25, "fire_rate": 0, "range": 30, "mag_size": 5}, null], "upgrades": [null, null, null], "consumables": [null, null, null, null]}, "money": 10, "armor": 1.0, "view_distance": 500, "speed_boost_cooldown": 0, "radar_cooldown": 0, "primary_gun_pointer": 0}, "action": {"object_type": 1, "chosen_action": 1}}], "game_map": {"id": "d2f3ca5d-33a3-4bee-8e24-68423ac7a64a", "object_type": 3, "width": 500, "height": 500, "partition": {"partition_grid": [[[{"id": "5629ee1c-4c7c-49d8-9217-2baf68fc96cd", "object_type": 19, "health": 10, "hitbox": {"id": "f8b28b25-ac31-45de-89e2-33cdd75e4a67", "object_type": 14, "width": 10, "height": 10, "position": [10, 12]}, "collidable": false, "turn_cooldown": 5, "countdown": 5}, {"id": "0bfbf27e-089e-40a6-a0a4-a157f8b43cfe", "object_type": 10, "health": 80, "hitbox": {"id": "6efd94d2-7b27-4ba0-a917-f4db78455b00", "object_type": 14, "width": 10, "height": 10, "position": [2.07, 6.05]}, "collidable": true, "heading": 224, "speed": 25, "inventory": {"guns": [{"id": "b044c58e-3368-4de9-bdea-602f37b9bce3", "object_type": 12, "health": null, "hitbox": {"id": "7e58dc3b-3c40-4e31-8026-b4f47e6e211e", "object_type": 14, "width": 0, "height": 0, "position": [0, 0]}, "collidable": false, "gun_type": 1, "level": 1, "pattern": 1, "damage": 25, "fire_rate": 0, "range": 30, "mag_size": 5}, null], "upgrades": [null, null, null], "consumables": [null, null, null, null]}, "money": 10, "armor": 1.0, "view_distance": 500, "speed_boost_cooldown": 0, "radar_cooldown": 0, "primary_gun_pointer": 0}], [], [], [], [], [], [], [], [], [], [], [], [], [], [], [], [{"id": "93cd1360-5ceb-4e84-b176-90a329efc057", "object_type": 19, "health": 10, "hitbox": {"id": "77aaf7b3-0c87-4171-b941-368e7ca2354e", "object_type": 14, "width": 10, "height": 10, "position": [338, 17]}, "collidable": false, "turn_cooldown": 5, "countdown": 5}], [], [], [], [], [], [], [], []], [[], [{"id": "578716be-7a88-433d-9cee-14308f47233b", "object_type": 13, "health": 50, "hitbox": {"id": "ec43eb1c-8deb-4e4c-90b6-c6ca525232f2", "object_type": 14, "width": 130, "height": 10, "position": [20, 20]}, "collidable": true, "destructible": true}], [{"id": "578716be-7a88-433d-9cee-14308f47233b", "object_type": 13, "health": 50, "hitbox": {"id": "ec43eb1c-8deb-4e4c-90b6-c6ca525232f2", "object_type": 14, "width": 130, "height": 10, "position": [20, 20]}, "collidable": true, "destructible": true}], [{"id": "578716be-7a88-433d-9cee-14308f47233b", "object_type": 13, "health": 50, "hitbox": {"id": "ec43eb1c-8deb-4e4c-90b6-c6ca525232f2", "object_type": 14, "width": 130, "height": 10, "position": [20, 20]}, "collidable": true, "destructible": true}], [{"id": "578716be-7a88-433d-9cee-14308f47233b", "object_type": 13, "health": 50, "hitbox": {"id": "ec43eb1c-8deb-4e4c-90b6-c6ca525232f2", "object_type": 14, "width": 130, "height": 10, "position": [20, 20]}, "collidable": true, "destructible": true}], [{"id": "578716be-7a88-433d-9cee-14308f47233b", "object_type": 13, "health": 50, "hitbox": {"id": "ec43eb1c-8deb-4e4c-90b6-c6ca525232f2", "object_type": 14, "width": 130, "height": 10, "position": [20, 20]}, "collidable": true, "destructible": true}], [{"id": "578716be-7a88-433d-9cee-14308f47233b", "object_type": 13, "health": 50, "hitbox": {"id": "ec43eb1c-8deb-4e4c-90b6-c6ca525232f2", "object_type": 14, "width": 130, "height": 10, "position": [20, 20]}, "collidable": true, "destructible": true}], [{"id": "578716be-7a88-433d-9cee-14308f47233b", "object_type": 13, "health": 50, "hitbox": {"id": "ec43eb1c-8deb-4e4c-90b6-c6ca525232f2", "object_type": 14, "width": 130, "height": 10, "position": [20, 20]}, "collidable": true, "destructible": true}, {"id": "563e8521-605c-4861-850d-c6c152944715", "object_type": 13, "health": 50, "hitbox": {"id": "b15c49fd-fca7-44f5-a050-f50e42a4a2c2", "object_type": 14, "width": 10, "height": 140, "position": [150, 20]}, "collidable": true, "destructible": true}], [], [{"id": "85f3d6fb-7250-43a9-85bc-64ad54823b10", "object_type": 13, "health": 50, "hitbox": {"id": "ec43eb1c-8deb-4e4c-90b6-c6ca525232f2", "object_type": 14, "width": 130, "height": 10, "position": [180.0, 20]}, "collidable": true, "destructible": true}], [{"id": "85f3d6fb-7250-43a9-85bc-64ad54823b10", "object_type": 13, "health": 50, "hitbox": {"id": "ec43eb1c-8deb-4e4c-90b6-c6ca525232f2", "object_type": 14, "width": 130, "height": 10, "position": [180.0, 20]}, "collidable": true, "destructible": true}], [{"id": "85f3d6fb-7250-43a9-85bc-64ad54823b10", "object_type": 13, "health": 50, "hitbox": {"id": "ec43eb1c-8deb-4e4c-90b6-c6ca525232f2", "object_type": 14, "width": 130, "height": 10, "position": [180.0, 20]}, "collidable": true, "destructible": true}], [{"id": "85f3d6fb-7250-43a9-85bc-64ad54823b10", "object_type": 13, "health": 50, "hitbox": {"id": "ec43eb1c-8deb-4e4c-90b6-c6ca525232f2", "object_type": 14, "width": 130, "height": 10, "position": [180.0, 20]}, "collidable": true, "destructible": true}], [{"id": "85f3d6fb-7250-43a9-85bc-64ad54823b10", "object_type": 13, "health": 50, "hitbox": {"id": "ec43eb1c-8deb-4e4c-90b6-c6ca525232f2", "object_type": 14, "width": 130, "height": 10, "position": [180.0, 20]}, "collidable": true, "destructible": true}], [{"id": "85f3d6fb-7250-43a9-85bc-64ad54823b10", "object_type": 13, "health": 50, "hitbox": {"id": "ec43eb1c-8deb-4e4c-90b6-c6ca525232f2", "object_type": 14, "width": 130, "height": 10, "position": [180.0, 20]}, "collidable": true, "destructible": true}], [{"id": "85f3d6fb-7250-43a9-85bc-64ad54823b10", "object_type": 13, "health": 50, "hitbox": {"id": "ec43eb1c-8deb-4e4c-90b6-c6ca525232f2", "object_type": 14, "width": 130, "height": 10, "position": [180.0, 20]}, "collidable": true, "destructible": true}, {"id": "33821c38-86f0-46d5-8021-c7dbb8306208", "object_type": 13, "health": 50, "hitbox": {"id": "b15c49fd-fca7-44f5-a050-f50e42a4a2c2", "object_type": 14, "width": 10, "height": 140, "position": [310.0, 20]}, "collidable": true, "destructible": true}], [], [], [], [{"id": "a477dcce-e3ab-48c7-8cb5-c2dd01fc9c01", "object_type": 13, "health": 50, "hitbox": {"id": "c9d17ab8-99b8-47f3-a05e-c37cc2fb466d", "object_type": 14, "width": 50, "height": 20, "position": [390.0, 30]}, "collidable": true, "destructible": true}], [{"id": "a477dcce-e3ab-48c7-8cb5-c2dd01fc9c01", "object_type": 13, "health": 50, "hitbox": {"id": "c9d17ab8-99b8-47f3-a05e-c37cc2fb466d", "object_type": 14, "width": 50, "height": 20, "position": [390.0, 30]}, "collidable": true, "destructible": true}], [{"id": "a477dcce-e3ab-48c7-8cb5-c2dd01fc9c01", "object_type": 13, "health": 50, "hitbox": {"id": "c9d17ab8-99b8-47f3-a05e-c37cc2fb466d", "object_type": 14, "width": 50, "height": 20, "position": [390.0, 30]}, "collidable": true, "destructible": true}], [], [], []], [[], [], [], [], [], [], [], [{"id": "563e8521-605c-4861-850d-c6c152944715", "object_type": 13, "health": 50, "hitbox": {"id": "b15c49fd-fca7-44f5-a050-f50e42a4a2c2", "object_type": 14, "width": 10, "height": 140, "position": [150, 20]}, "collidable": true, "destructible": true}], [], [], [], [], [], [], [], [{"id": "33821c38-86f0-46d5-8021-c7dbb8306208", "object_type": 13, "health": 50, "hitbox": {"id": "b15c49fd-fca7-44f5-a050-f50e42a4a2c2", "object_type": 14, "width": 10, "height": 140, "position": [310.0, 20]}, "collidable": true, "destructible": true}], [], [], [], [{"id": "a9387e45-3133-4f7f-9129-85d1df172806", "object_type": 15, "health": 300, "hitbox": {"id": "acc9f11e-1155-40c9-b826-033a9e7cca00", "object_type": 14, "width": 3, "height": 10, "position": [385.0, 50]}, "collidable": true, "opening_speed": 1, "open_state": false}], [], [], [{"id": "58eb1040-f31d-4923-a221-6b2b20a0e379", "object_type": 15, "health": 300, "hitbox": {"id": "add0f02b-79e3-485d-a616-eff30bbbb939", "object_type": 14, "width": 3, "height": 10, "position": [440.0, 50]}, "collidable": true, "opening_speed": 1, "open_state": false}], [], []], [[], [], [], [], [], [], [], [{"id": "563e8521-605c-4861-850d-c6c152944715", "object_type": 13, "health": 50, "hitbox": {"id": "b15c49fd-fca7-44f5-a050-f50e42a4a2c2", "object_type": 14, "width": 10, "height": 140, "position": [150, 20]}, "collidable": true, "destructible": true}], [], [], [], [], [], [], [], [{"id": "33821c38-86f0-46d5-8021-c7dbb8306208", "object_type": 13, "health": 50, "hitbox": {"id": "b15c49fd-fca7-44f5-a050-f50e42a4a2c2", "object_type": 14, "width": 10, "height": 140, "position": [310.0, 20]}, "collidable": true, "destructible": true}], [], [], [{"id": "593600c3-1fb4-425c-a934-487ea7ed788c", "object_type": 13, "health": 50, "hitbox": {"id": "93d44c21-fd95-407d-8e6a-bf70e0e73ce2", "object_type": 14, "width": 10, "height": 75, "position": [370.0, 65]}, "collidable": true, "destructible": true}], [{"id": "97c0d2dd-8260-428d-84b3-81cb68aede1f", "object_type": 13, "health": 50, "hitbox": {"id": "3c2fc1a2-2c43-49ba-8f61-9609db63ff33", "object_type": 14, "width": 5, "height": 5, "position": [385.0, 60]}, "collidable": true, "destructible": true}], [], [], [{"id": "18601192-f125-47dc-ae11-ea3b4d59fcab", "object_type": 13, "health": 50, "hitbox": {"id": "f22e84bb-01fa-4348-955a-8e27c4e4b920", "object_type": 14, "width": 10, "height": 75, "position": [440.0, 65]}, "collidable": true, "destructible": true}, {"id": "6bd2afc0-103f-4b8d-aa3a-477191f203f7", "object_type": 13, "health": 50, "hitbox": {"id": "5149bc1d-c43e-4b5d-9c9f-c8a6bc3adea5", "object_type": 14, "width": 5, "height": 5, "position": [440.0, 60]}, "collidable": true, "destructible": true}], [], []], [[], [], [], [], [], [], [], [{"id": "563e8521-605c-4861-850d-c6c152944715", "object_type": 13, "health": 50, "hitbox": {"id": "b15c49fd-fca7-44f5-a050-f50e42a4a2c2", "object_type": 14, "width": 10, "height": 140, "position": [150, 20]}, "collidable": true, "destructible": true}], [], [], [{"id": "13f79193-caee-4e9e-b05b-f4777bd75b44", "object_type": 18, "health": 2022, "hitbox": {"id": "0884c88e-022e-462a-a359-9204c5308cb4", "object_type": 14, "width": 5, "height": 5, "position": [219.21530078789, 93.2601322167215]}, "collidable": false, "amount": 36}], [], [], [], [], [{"id": "33821c38-86f0-46d5-8021-c7dbb8306208", "object_type": 13, "health": 50, "hitbox": {"id": "b15c49fd-fca7-44f5-a050-f50e42a4a2c2", "object_type": 14, "width": 10, "height": 140, "position": [310.0, 20]}, "collidable": true, "destructible": true}], [{"id": "2a1e4693-1742-4a33-8712-75ce6407eea7", "object_type": 18, "health": 2022, "hitbox": {"id": "10199991-263d-454c-97d9-bcb89f81d54c", "object_type": 14, "width": 5, "height": 5, "position": [323.0517618311443, 92.17573741475172]}, "collidable": false, "amount": 42}], [{"id": "930a4c5d-7cd6-4dc1-8153-a0d2d1454c72", "object_type": 18, "health": 2022, "hitbox": {"id": "476cea20-8ddb-47ae-bba4-39e6d9447e38", "object_type": 14, "width": 5, "height": 5, "position": [357.87693664714726, 82.99705496990921]}, "collidable": false, "amount": 25}], [{"id": "593600c3-1fb4-425c-a934-487ea7ed788c", "object_type": 13, "health": 50, "hitbox": {"id": "93d44c21-fd95-407d-8e6a-bf70e0e73ce2", "object_type": 14, "width": 10, "height": 75, "position": [370.0, 65]}, "collidable": true, "destructible": true}], [{"id": "12828f58-1701-48f8-ab3e-15e857325f78", "object_type": 12, "health": null, "hitbox": {"id": "10f27776-3310-40f1-b328-8045e039e735", "object_type": 14, "width": 5, "height": 5, "position": [382.3083278162874, 89.37479399554087]}, "collidable": false, "gun_type": 3, "level": 1, "pattern": 3, "damage": 10, "fire_rate": 4, "range": 10, "mag_size": 2}], [], [], [{"id": "18601192-f125-47dc-ae11-ea3b4d59fcab", "object_type": 13, "health": 50, "hitbox": {"id": "f22e84bb-01fa-4348-955a-8e27c4e4b920", "object_type": 14, "width": 10, "height": 75, "position": [440.0, 65]}, "collidable": true, "destructible": true}], [], []], [[], [], [], [], [], [], [{"id": "acee0bf5-7fb6-44a4-acb6-2675d812fd83", "object_type": 12, "health": null, "hitbox": {"id": "ebfbdb5c-9ae5-4eaa-b967-6f052d8844db", "object_type": 14, "width": 5, "height": 5, "position": [120.10739529513882, 118.51380077784353]}, "collidable": false, "gun_type": 3, "level": 1, "pattern": 3, "damage": 10, "fire_rate": 4, "range": 10, "mag_size": 2}], [{"id": "563e8521-605c-4861-850d-c6c152944715", "object_type": 13, "health": 50, "hitbox": {"id": "b15c49fd-fca7-44f5-a050-f50e42a4a2c2", "object_type": 14, "width": 10, "height": 140, "position": [150, 20]}, "collidable": true, "destructible": true}], [], [], [], [{"id": "db08e7b1-687d-4a18-8565-5359fff7b622", "object_type": 12, "health": null, "hitbox": {"id": "895482c9-1f57-44ea-a77b-6765b7251026", "object_type": 14, "width": 5, "height": 5, "position": [234.83962430324857, 110.55745482656084]}, "collidable": false, "gun_type": 4, "level": 1, "pattern": 1, "damage": 50, "fire_rate": 0, "range": 100, "mag_size": 1}], [], [], [], [{"id": "33821c38-86f0-46d5-8021-c7dbb8306208", "object_type": 13, "health": 50, "hitbox": {"id": "b15c49fd-fca7-44f5-a050-f50e42a4a2c2", "object_type": 14, "width": 10, "height": 140, "position": [310.0, 20]}, "collidable": true, "destructible": true}], [], [], [{"id": "593600c3-1fb4-425c-a934-487ea7ed788c", "object_type": 13, "health": 50, "hitbox": {"id": "93d44c21-fd95-407d-8e6a-bf70e0e73ce2", "object_type": 14, "width": 10, "height": 75, "position": [370.0, 65]}, "collidable": true, "destructible": true}], [], [], [], [{"id": "18601192-f125-47dc-ae11-ea3b4d59fcab", "object_type": 13, "health": 50, "hitbox": {"id": "f22e84bb-01fa-4348-955a-8e27c4e4b920", "object_type": 14, "width": 10, "height": 75, "position": [440.0, 65]}, "collidable": true, "destructible": true}], [], []], [[], [], [{"id": "9ca16a44-8f55-4ba5-a78c-3ad8e9123be8", "object_type": 12, "health": null, "hitbox": {"id": "801fb050-d989-4bca-8276-311cd55bdda6", "object_type": 14, "width": 5, "height": 5, "position": [41.649901323529434, 139.5256925999914]}, "collidable": false, "gun_type": 4, "level": 1, "pattern": 1, "damage": 50, "fire_rate": 0, "range": 100, "mag_size": 1}], [{"id": "f34c1025-47ef-4687-89a3-fe455fad87ac", "object_type": 18, "health": 2022, "hitbox": {"id": "7c3127eb-4668-4e08-a7c4-d65c7f98b79d", "object_type": 14, "width": 5, "height": 5, "position": [75.22463615551396, 134.88170688007628]}, "collidable": false, "amount": 29}], [], [], [], [{"id": "563e8521-605c-4861-850d-c6c152944715", "object_type": 13, "health": 50, "hitbox": {"id": "b15c49fd-fca7-44f5-a050-f50e42a4a2c2", "object_type": 14, "width": 10, "height": 140, "position": [150, 20]}, "collidable": true, "destructible": true}], [], [], [], [], [], [], [], [{"id": "33821c38-86f0-46d5-8021-c7dbb8306208", "object_type": 13, "health": 50, "hitbox": {"id": "b15c49fd-fca7-44f5-a050-f50e42a4a2c2", "object_type": 14, "width": 10, "height": 140, "position": [310.0, 20]}, "collidable": true, "destructible": true}], [], [{"id": "147ecece-7f08-4863-85de-184ae8a0e861", "object_type": 12, "health": null, "hitbox": {"id": "f2e0d3ae-ee7e-414d-bd45-6e3bd087cb95", "object_type": 14, "width": 5, "height": 5, "position": [351.4469241299331, 139.09971806985214]}, "collidable": false, "gun_type": 1, "level": 1, "pattern": 1, "damage": 25, "fire_rate": 0, "range": 30, "mag_size": 5}], [{"id": "593600c3-1fb4-425c-a934-487ea7ed788c", "object_type": 13, "health": 50, "hitbox": {"id": "93d44c21-fd95-407d-8e6a-bf70e0e73ce2", "object_type": 14, "width": 10, "height": 75, "position": [370.0, 65]}, "collidable": true, "destructible": true}], [], [], [], [{"id": "18601192-f125-47dc-ae11-ea3b4d59fcab", "object_type": 13, "health": 50, "hitbox": {"id": "f22e84bb-01fa-4348-955a-8e27c4e4b920", "object_type": 14, "width": 10, "height": 75, "position": [440.0, 65]}, "collidable": true, "destructible": true}], [], []], [[], [], [], [], [], [], [], [{"id": "563e8521-605c-4861-850d-c6c152944715", "object_type": 13, "health": 50, "hitbox": {"id": "b15c49fd-fca7-44f5-a050-f50e42a4a2c2", "object_type": 14, "width": 10, "height": 140, "position": [150, 20]}, "collidable": true, "destructible": true}], [], [{"id": "21b28f26-5fda-441a-b40e-c9d341354e67", "object_type": 16, "health": 5, "hitbox": {"id": "e06b1620-8fe5-45d0-b2c8-aa4863d9921e", "object_type": 14, "width": 5, "height": 5, "position": [193.3527477070354, 144.33415806197235]}, "collidable": false, "upgrade_enum": 1, "movement_enum": null, "sight_enum": null}], [], [], [{"id": "cad4ae15-a522-4532-80c3-263443968018", "object_type": 18, "health": 2022, "hitbox": {"id": "216c67dc-0853-4356-84c7-7d54b1faaadd", "object_type": 14, "width": 5, "height": 5, "position": [257.4133857174778, 150.6496148170515]}, "collidable": false, "amount": 48}], [{"id": "88c3aa9f-c224-4802-b294-90d6fc2b1421", "object_type": 18, "health": 2022, "hitbox": {"id": "c3927d40-0ede-42e4-a212-b02286ca8be1", "object_type": 14, "width": 5, "height": 5, "position": [271.9352045219258, 152.7744638527838]}, "collidable": false, "amount": 49}], [], [{"id": "33821c38-86f0-46d5-8021-c7dbb8306208", "object_type": 13, "health": 50, "hitbox": {"id": "b15c49fd-fca7-44f5-a050-f50e42a4a2c2", "object_type": 14, "width": 10, "height": 140, "position": [310.0, 20]}, "collidable": true, "destructible": true}], [], [{"id": "0f61be75-db49-4313-a684-fe87cf61a85b", "object_type": 13, "health": 50, "hitbox": {"id": "c646de14-7887-4f5a-979e-6e9769223602", "object_type": 14, "width": 140, "height": 20, "position": [340.0, 140]}, "collidable": true, "destructible": true}], [{"id": "0f61be75-db49-4313-a684-fe87cf61a85b", "object_type": 13, "health": 50, "hitbox": {"id": "c646de14-7887-4f5a-979e-6e9769223602", "object_type": 14, "width": 140, "height": 20, "position": [340.0, 140]}, "collidable": true, "destructible": true}], [{"id": "0f61be75-db49-4313-a684-fe87cf61a85b", "object_type": 13, "health": 50, "hitbox": {"id": "c646de14-7887-4f5a-979e-6e9769223602", "object_type": 14, "width": 140, "height": 20, "position": [340.0, 140]}, "collidable": true, "destructible": true}], [{"id": "0f61be75-db49-4313-a684-fe87cf61a85b", "object_type": 13, "health": 50, "hitbox": {"id": "c646de14-7887-4f5a-979e-6e9769223602", "object_type": 14, "width": 140, "height": 20, "position": [340.0, 140]}, "collidable": true, "destructible": true}], [{"id": "0f61be75-db49-4313-a684-fe87cf61a85b", "object_type": 13, "health": 50, "hitbox": {"id": "c646de14-7887-4f5a-979e-6e9769223602", "object_type": 14, "width": 140, "height": 20, "position": [340.0, 140]}, "collidable": true, "destructible": true}], [{"id": "0f61be75-db49-4313-a684-fe87cf61a85b", "object_type": 13, "health": 50, "hitbox": {"id": "c646de14-7887-4f5a-979e-6e9769223602", "object_type": 14, "width": 140, "height": 20, "position": [340.0, 140]}, "collidable": true, "destructible": true}], [{"id": "0f61be75-db49-4313-a684-fe87cf61a85b", "object_type": 13, "health": 50, "hitbox": {"id": "c646de14-7887-4f5a-979e-6e9769223602", "object_type": 14, "width": 140, "height": 20, "position": [340.0, 140]}, "collidable": true, "destructible": true}], []], [[], [], [], [], [], [], [], [], [{"id": "88ff6441-8bb3-48db-a161-967067c4d297", "object_type": 19, "health": 10, "hitbox": {"id": "485dfdf4-62c6-4e51-ab68-14b7be81f17b", "object_type": 14, "width": 10, "height": 10, "position": [170, 176]}, "collidable": false, "turn_cooldown": 5, "countdown": 5}], [{"id": "53153dd1-71d9-4eeb-bc95-d3c1ca9767ee", "object_type": 18, "health": 2022, "hitbox": {"id": "239d1571-53a2-49fa-9270-96f05ccec43d", "object_type": 14, "width": 5, "height": 5, "position": [196.97487871103758, 169.38286173605843]}, "collidable": false, "amount": 43}], [], [{"id": "aa431a21-b298-427e-aa2d-5f8a06bc667b", "object_type": 16, "health": 5, "hitbox": {"id": "47748257-b3fd-46c2-8d69-a70527461e75", "object_type": 14, "width": 5, "height": 5, "position": [232.4500703453562, 169.76322205873976]}, "collidable": false, "upgrade_enum": 3, "movement_enum": null, "sight_enum": null}], [{"id": "a08fa70b-4af0-4376-8ee9-11ec9de6d59b", "object_type": 16, "health": 5, "hitbox": {"id": "4cf5933f-f229-4fd3-9edd-b63b7453ceb7", "object_type": 14, "width": 5, "height": 5, "position": [249.28008299728856, 167.62147757027782]}, "collidable": false, "upgrade_enum": 2, "movement_enum": null, "sight_enum": null}], [], [{"id": "9d9df523-ca6f-4890-82e8-0a6af19fc4cc", "object_type": 18, "health": 2022, "hitbox": {"id": "c4aae005-b15c-475a-acde-990ff94a393f", "object_type": 14, "width": 5, "height": 5, "position": [295.7777647135926, 161.70299106673548]}, "collidable": false, "amount": 46}], [{"id": "5364aff6-d27b-439d-a7f5-b16138bafc96", "object_type": 16, "health": 5, "hitbox": {"id": "2cd701fe-264c-4d42-be62-f46ee136507c", "object_type": 14, "width": 5, "height": 5, "position": [308.48931912798264, 175.46589308588585]}, "collidable": false, "upgrade_enum": 1, "movement_enum": null, "sight_enum": null}], [{"id": "2777123a-a244-4205-bc0e-abec5ee8dd3f", "object_type": 18, "health": 2022, "hitbox": {"id": "62676bdf-b69d-4314-b7c1-f4c1324af8b8", "object_type": 14, "width": 5, "height": 5, "position": [325.02747640061745, 179.04611726235916]}, "collidable": false, "amount": 37}], [], [], [], [], [], [], [], [{"id": "8909476e-dad3-4120-b436-a6f1f1d0f802", "object_type": 19, "health": 10, "hitbox": {"id": "70b806ad-7483-48cf-af29-0da421926a09", "object_type": 14, "width": 10, "height": 10, "position": [488, 174]}, "collidable": false, "turn_cooldown": 5, "countdown": 5}]], [[], [{"id": "658ea6e4-0b49-4735-8c3d-110139819a34", "object_type": 13, "health": 50, "hitbox": {"id": "480becb3-3c83-486a-9c71-93f0633cf69b", "object_type": 14, "width": 40, "height": 40, "position": [20, 180.0]}, "collidable": true, "destructible": true}], [{"id": "658ea6e4-0b49-4735-8c3d-110139819a34", "object_type": 13, "health": 50, "hitbox": {"id": "480becb3-3c83-486a-9c71-93f0633cf69b", "object_type": 14, "width": 40, "height": 40, "position": [20, 180.0]}, "collidable": true, "destructible": true}], [], [], [], [{"id": "4e5b93b1-817b-4d22-9372-4c762c122d62", "object_type": 13, "health": 50, "hitbox": {"id": "14ae32b5-0a55-49dc-a828-51a78149167e", "object_type": 14, "width": 40, "height": 40, "position": [120, 180.0]}, "collidable": true, "destructible": true}], [{"id": "4e5b93b1-817b-4d22-9372-4c762c122d62", "object_type": 13, "health": 50, "hitbox": {"id": "14ae32b5-0a55-49dc-a828-51a78149167e", "object_type": 14, "width": 40, "height": 40, "position": [120, 180.0]}, "collidable": true, "destructible": true}], [], [{"id": "7b1bc9a3-11ed-48b3-affc-55f6d242f853", "object_type": 18, "health": 2022, "hitbox": {"id": "d6d6b3b8-5404-4cc4-9f09-0a6ada4ede0d", "object_type": 14, "width": 5, "height": 5, "position": [198.32457196979678, 192.94550485462653]}, "collidable": false, "amount": 46}], [{"id": "af8bf1c8-480b-4fab-9ced-722c532833aa", "object_type": 18, "health": 2022, "hitbox": {"id": "be3f018b-663d-4205-81d6-1b3954f71187", "object_type": 14, "width": 5, "height": 5, "position": [208.2675896502385, 184.93865656421025]}, "collidable": false, "amount": 50}], [{"id": "db8b5764-b88b-4841-b65d-32f4c82994d0", "object_type": 16, "health": 5, "hitbox": {"id": "8a0038b0-13fa-45a3-9a0e-826d1d437548", "object_type": 14, "width": 5, "height": 5, "position": [228.2919065354671, 181.5563867497104]}, "collidable": false, "upgrade_enum": 2, "movement_enum": null, "sight_enum": null}], [{"id": "0afe5a93-c0f4-4e66-8312-13159663a67c", "object_type": 12, "health": null, "hitbox": {"id": "7f826486-b80f-4af4-932a-466d56f6f44d", "object_type": 14, "width": 5, "height": 5, "position": [257.44895388949095, 197.53157295434085]}, "collidable": false, "gun_type": 4, "level": 1, "pattern": 1, "damage": 50, "fire_rate": 0, "range": 100, "mag_size": 1}], [], [{"id": "d4ee155d-ee86-4c82-85be-0a2897305bbc", "object_type": 12, "health": null, "hitbox": {"id": "196d5607-a900-426c-a4cd-9d36282fafb8", "object_type": 14, "width": 5, "height": 5, "position": [282.3549683745823, 190.01485648177683]}, "collidable": false, "gun_type": 4, "level": 1, "pattern": 1, "damage": 50, "fire_rate": 0, "range": 100, "mag_size": 1}], [{"id": "ee788f63-53c5-4703-ae67-9d6a0183cab8", "object_type": 18, "health": 2022, "hitbox": {"id": "28935c9f-8b48-4907-b77c-c65ba16ec274", "object_type": 14, "width": 5, "height": 5, "position": [313.3106156237112, 198.3287262508881]}, "collidable": false, "amount": 50}], [], [], [{"id": "856783ee-9257-4e30-bb8b-d24fa6281440", "object_type": 16, "health": 5, "hitbox": {"id": "492a6086-dec5-4cc3-97f1-e07522a506d8", "object_type": 14, "width": 5, "height": 5, "position": [376.5779695231871, 191.25104378349408]}, "collidable": false, "upgrade_enum": 2, "movement_enum": null, "sight_enum": null}], [{"id": "48ea7b8e-50b4-49ad-899c-bfab9c07ccd1", "object_type": 13, "health": 50, "hitbox": {"id": "5618c2ed-96f3-40d3-a193-f15723e1d461", "object_type": 14, "width": 40, "height": 20, "position": [390.0, 180.0]}, "collidable": true, "destructible": true}], [{"id": "48ea7b8e-50b4-49ad-899c-bfab9c07ccd1", "object_type": 13, "health": 50, "hitbox": {"id": "5618c2ed-96f3-40d3-a193-f15723e1d461", "object_type": 14, "width": 40, "height": 20, "position": [390.0, 180.0]}, "collidable": true, "destructible": true}], [], [], [], []], [[], [{"id": "658ea6e4-0b49-4735-8c3d-110139819a34", "object_type": 13, "health": 50, "hitbox": {"id": "480becb3-3c83-486a-9c71-93f0633cf69b", "object_type": 14, "width": 40, "height": 40, "position": [20, 180.0]}, "collidable": true, "destructible": true}], [{"id": "658ea6e4-0b49-4735-8c3d-110139819a34", "object_type": 13, "health": 50, "hitbox": {"id": "480becb3-3c83-486a-9c71-93f0633cf69b", "object_type": 14, "width": 40, "height": 40, "position": [20, 180.0]}, "collidable": true, "destructible": true}], [], [{"id": "dc9b05d1-fd70-4419-81e5-966b97c8d16e", "object_type": 12, "health": null, "hitbox": {"id": "9d16b372-c617-4540-8398-14adf6892a6a", "object_type": 14, "width": 5, "height": 5, "position": [94.74185244306813, 219.91935271777697]}, "collidable": false, "gun_type": 2, "level": 1, "pattern": 2, "damage": 15, "fire_rate": 3, "range": 50, "mag_size": 12}], [{"id": "6b4ccbe7-b146-4f85-a598-9e7d86604707", "object_type": 18, "health": 2022, "hitbox": {"id": "3034cf66-5da9-4b82-9db3-311cbe243e1b", "object_type": 14, "width": 5, "height": 5, "position": [115.6440249047798, 201.88110986263666]}, "collidable": false, "amount": 41}, {"id": "3fd49cbc-bb66-4c02-9047-ce66ef54cec3", "object_type": 18, "health": 2022, "hitbox": {"id": "3dda267d-22e4-48d9-a0a1-5ef44a0d4020", "object_type": 14, "width": 5, "height": 5, "position": [100.50723570410614, 206.5160904660965]}, "collidable": false, "amount": 37}], [{"id": "4e5b93b1-817b-4d22-9372-4c762c122d62", "object_type": 13, "health": 50, "hitbox": {"id": "14ae32b5-0a55-49dc-a828-51a78149167e", "object_type": 14, "width": 40, "height": 40, "position": [120, 180.0]}, "collidable": true, "destructible": true}], [{"id": "4e5b93b1-817b-4d22-9372-4c762c122d62", "object_type": 13, "health": 50, "hitbox": {"id": "14ae32b5-0a55-49dc-a828-51a78149167e", "object_type": 14, "width": 40, "height": 40, "position": [120, 180.0]}, "collidable": true, "destructible": true}], [], [{"id": "034eecaa-2611-43f6-8a4e-d54788ac2355", "object_type": 18, "health": 2022, "hitbox": {"id": "ef7fc9ec-5fe6-448e-80f0-6b70926faef0", "object_type": 14, "width": 5, "height": 5, "position": [185.9389603293708, 213.10624475017198]}, "collidable": false, "amount": 36}], [{"id": "a6ad5b09-17fc-409c-8ace-e1f801984805", "object_type": 18, "health": 2022, "hitbox": {"id": "61da14b8-655b-4253-a21d-cdb1ada82732", "object_type": 14, "width": 5, "height": 5, "position": [210.83486611907563, 207.51828212319433]}, "collidable": false, "amount": 37}], [{"id": "6a980550-b8cb-4960-b9cb-9233f48023b1", "object_type": 16, "health": 5, "hitbox": {"id": "3cf5e3ac-6609-4132-ac35-019e6bdf1c50", "object_type": 14, "width": 5, "height": 5, "position": [224.09585206253286, 217.45413238203136]}, "collidable": false, "upgrade_enum": 3, "movement_enum": null, "sight_enum": null}, {"id": "6dd041a8-0a41-4454-b80a-fc433cfc170d", "object_type": 12, "health": null, "hitbox": {"id": "d77a0830-f109-4983-82b4-5d6041c79a79", "object_type": 14, "width": 5, "height": 5, "position": [226.76176590072333, 202.23319317786692]}, "collidable": false, "gun_type": 1, "level": 1, "pattern": 1, "damage": 25, "fire_rate": 0, "range": 30, "mag_size": 5}], [{"id": "dae7284c-d2c1-41e5-81f4-d330666949c9", "object_type": 12, "health": null, "hitbox": {"id": "53411c46-fb99-4630-ab4f-8f4256cc2661", "object_type": 14, "width": 5, "height": 5, "position": [244.25568857325692, 204.38489149510232]}, "collidable": false, "gun_type": 2, "level": 1, "pattern": 2, "damage": 15, "fire_rate": 3, "range": 50, "mag_size": 12}], [{"id": "275736de-e12f-462b-8edf-60254a07b23a", "object_type": 18, "health": 2022, "hitbox": {"id": "701a772a-960d-4049-ba63-4c515022f6c3", "object_type": 14, "width": 5, "height": 5, "position": [270.3294214791538, 211.45637072497547]}, "collidable": false, "amount": 45}, {"id": "480e0b14-1110-4050-a1fb-6de075459337", "object_type": 18, "health": 2022, "hitbox": {"id": "92d44333-adb9-4eed-aa76-0e2acfb26e06", "object_type": 14, "width": 5, "height": 5, "position": [273.6086316877847, 205.87707456508656]}, "collidable": false, "amount": 35}, {"id": "aa21bd2f-f759-4b4d-886e-23bf29a6e35a", "object_type": 12, "health": null, "hitbox": {"id": "40dadc93-73fe-45e5-bf1d-0af1e9011ddd", "object_type": 14, "width": 5, "height": 5, "position": [268.5688579125365, 205.73324033190931]}, "collidable": false, "gun_type": 1, "level": 1, "pattern": 1, "damage": 25, "fire_rate": 0, "range": 30, "mag_size": 5}], [{"id": "1881231a-7cb5-429f-916d-36977c6eb6df", "object_type": 12, "health": null, "hitbox": {"id": "eb1fdcd7-6d42-4029-a0c4-bf02ce02a2b5", "object_type": 14, "width": 5, "height": 5, "position": [284.19009379783455, 219.92899932255773]}, "collidable": false, "gun_type": 4, "level": 1, "pattern": 1, "damage": 50, "fire_rate": 0, "range": 100, "mag_size": 1}, {"id": "37d16d06-e01a-43ec-a1bf-792aa89b3089", "object_type": 18, "health": 2022, "hitbox": {"id": "782dc6b5-de07-4866-83ca-7c1b56d90722", "object_type": 14, "width": 5, "height": 5, "position": [298.2206347212991, 209.50157580843248]}, "collidable": false, "amount": 42}], [{"id": "9e37f0fc-71a2-4426-80ce-675282850f82", "object_type": 18, "health": 2022, "hitbox": {"id": "bc1ad718-4074-417c-af3f-7c3976c7f490", "object_type": 14, "width": 5, "height": 5, "position": [309.1749327708754, 210.11511300869523]}, "collidable": false, "amount": 49}, {"id": "22de23b3-0863-4596-ba6d-2c9023d762c2", "object_type": 18, "health": 2022, "hitbox": {"id": "84bc560c-135d-4a5a-a621-119eb0964df7", "object_type": 14, "width": 5, "height": 5, "position": [304.64897097829294, 219.13941172901855]}, "collidable": false, "amount": 27}], [], [{"id": "bd89a2bc-7014-4ec6-b2b2-5bac7f45ced5", "object_type": 13, "health": 50, "hitbox": {"id": "bafbe0f1-296a-424a-80ec-9191ad8d2e6e", "object_type": 14, "width": 140, "height": 45, "position": [340.0, 210.0]}, "collidable": true, "destructible": true}], [{"id": "bd89a2bc-7014-4ec6-b2b2-5bac7f45ced5", "object_type": 13, "health": 50, "hitbox": {"id": "bafbe0f1-296a-424a-80ec-9191ad8d2e6e", "object_type": 14, "width": 140, "height": 45, "position": [340.0, 210.0]}, "collidable": true, "destructible": true}], [{"id": "bd89a2bc-7014-4ec6-b2b2-5bac7f45ced5", "object_type": 13, "health": 50, "hitbox": {"id": "bafbe0f1-296a-424a-80ec-9191ad8d2e6e", "object_type": 14, "width": 140, "height": 45, "position": [340.0, 210.0]}, "collidable": true, "destructible": true}], [{"id": "bd89a2bc-7014-4ec6-b2b2-5bac7f45ced5", "object_type": 13, "health": 50, "hitbox": {"id": "bafbe0f1-296a-424a-80ec-9191ad8d2e6e", "object_type": 14, "width": 140, "height": 45, "position": [340.0, 210.0]}, "collidable": true, "destructible": true}, {"id": "676d942e-136d-415a-8725-5bd36fa05eef", "object_type": 15, "health": 300, "hitbox": {"id": "413a0d19-ac34-4e78-abe4-1080ca2e63c6", "object_type": 14, "width": 3, "height": 10, "position": [410.0, 200.0]}, "collidable": true, "opening_speed": 1, "open_state": false}], [{"id": "bd89a2bc-7014-4ec6-b2b2-5bac7f45ced5", "object_type": 13, "health": 50, "hitbox": {"id": "bafbe0f1-296a-424a-80ec-9191ad8d2e6e", "object_type": 14, "width": 140, "height": 45, "position": [340.0, 210.0]}, "collidable": true, "destructible": true}], [{"id": "bd89a2bc-7014-4ec6-b2b2-5bac7f45ced5", "object_type": 13, "health": 50, "hitbox": {"id": "bafbe0f1-296a-424a-80ec-9191ad8d2e6e", "object_type": 14, "width": 140, "height": 45, "position": [340.0, 210.0]}, "collidable": true, "destructible": true}], [{"id": "bd89a2bc-7014-4ec6-b2b2-5bac7f45ced5", "object_type": 13, "health": 50, "hitbox": {"id": "bafbe0f1-296a-424a-80ec-9191ad8d2e6e", "object_type": 14, "width": 140, "height": 45, "position": [340.0, 210.0]}, "collidable": true, "destructible": true}], []], [[], [], [], [], [], [], [], [], [{"id": "fc637c3a-0c32-4890-90d5-aa071f1af559", "object_type": 16, "health": 5, "hitbox": {"id": "50d0e1d5-975a-4a36-8319-4fbdfdf7124b", "object_type": 14, "width": 5, "height": 5, "position": [160.368214940041, 238.39803941243514]}, "collidable": false, "upgrade_enum": 2, "movement_enum": null, "sight_enum": null}], [{"id": "d604f82e-3e35-42c9-b85f-249184df8459", "object_type": 12, "health": null, "hitbox": {"id": "ff93bff6-5a7f-4ef7-8831-1b31c3cac4f3", "object_type": 14, "width": 5, "height": 5, "position": [192.47978347576617, 225.99321952676377]}, "collidable": false, "gun_type": 1, "level": 1, "pattern": 1, "damage": 25, "fire_rate": 0, "range": 30, "mag_size": 5}], [{"id": "b42bf6ac-958a-4841-ab14-b862cbb5e12f", "object_type": 12, "health": null, "hitbox": {"id": "14a0a959-d863-4730-91bb-ecd516beff28", "object_type": 14, "width": 5, "height": 5, "position": [202.0195416298045, 232.51613411933874]}, "collidable": false, "gun_type": 2, "level": 1, "pattern": 2, "damage": 15, "fire_rate": 3, "range": 50, "mag_size": 12}, {"id": "6d198a1f-596f-41b8-a320-7455d6f7a290", "object_type": 16, "health": 5, "hitbox": {"id": "98d5331e-3d5b-43d0-9399-dbc6bed12187", "object_type": 14, "width": 5, "height": 5, "position": [208.38274377650427, 236.55322887223406]}, "collidable": false, "upgrade_enum": 3, "movement_enum": null, "sight_enum": null}], [], [{"id": "efe5f5fd-23af-45a0-a63b-d9b5d47d8e95", "object_type": 18, "health": 2022, "hitbox": {"id": "e6b6d663-f545-4634-bfb1-bc4a00f6cd29", "object_type": 14, "width": 5, "height": 5, "position": [247.88551791566803, 234.06657346553914]}, "collidable": false, "amount": 50}], [], [], [{"id": "a5f7903b-a259-458c-ae3b-5f5dd76f5472", "object_type": 12, "health": null, "hitbox": {"id": "cb52dbee-ac55-4deb-894e-52fa93871045", "object_type": 14, "width": 5, "height": 5, "position": [310.9411571255308, 233.0520247573493]}, "collidable": false, "gun_type": 1, "level": 1, "pattern": 1, "damage": 25, "fire_rate": 0, "range": 30, "mag_size": 5}], [], [{"id": "bd89a2bc-7014-4ec6-b2b2-5bac7f45ced5", "object_type": 13, "health": 50, "hitbox": {"id": "bafbe0f1-296a-424a-80ec-9191ad8d2e6e", "object_type": 14, "width": 140, "height": 45, "position": [340.0, 210.0]}, "collidable": true, "destructible": true}], [{"id": "bd89a2bc-7014-4ec6-b2b2-5bac7f45ced5", "object_type": 13, "health": 50, "hitbox": {"id": "bafbe0f1-296a-424a-80ec-9191ad8d2e6e", "object_type": 14, "width": 140, "height": 45, "position": [340.0, 210.0]}, "collidable": true, "destructible": true}], [{"id": "bd89a2bc-7014-4ec6-b2b2-5bac7f45ced5", "object_type": 13, "health": 50, "hitbox": {"id": "bafbe0f1-296a-424a-80ec-9191ad8d2e6e", "object_type": 14, "width": 140, "height": 45, "position": [340.0, 210.0]}, "collidable": true, "destructible": true}], [{"id": "bd89a2bc-7014-4ec6-b2b2-5bac7f45ced5", "object_type": 13, "health": 50, "hitbox": {"id": "bafbe0f1-296a-424a-80ec-9191ad8d2e6e", "object_type": 14, "width": 140, "height": 45, "position": [340.0, 210.0]}, "collidable": true, "destructible": true}], [{"id": "bd89a2bc-7014-4ec6-b2b2-5bac7f45ced5", "object_type": 13, "health": 50, "hitbox": {"id": "bafbe0f1-296a-424a-80ec-9191ad8d2e6e", "object_type": 14, "width": 140, "height": 45, "position": [340.0, 210.0]}, "collidable": true, "destructible": true}], [{"id": "bd89a2bc-7014-4ec6-b2b2-5bac7f45ced5", "object_type": 13, "health": 50, "hitbox": {"id": "bafbe0f1-296a-424a-80ec-9191ad8d2e6e", "object_type": 14, "width": 140, "height": 45, "position": [340.0, 210.0]}, "collidable": true, "destructible": true}], [{"id": "bd89a2bc-7014-4ec6-b2b2-5bac7f45ced5", "object_type": 13, "health": 50, "hitbox": {"id": "bafbe0f1-296a-424a-80ec-9191ad8d2e6e", "object_type": 14, "width": 140, "height": 45, "position": [340.0, 210.0]}, "collidable": true, "destructible": true}], []], [[], [], [], [{"id": "dd2202a0-1a9a-4427-ba3b-ff133cc5168c", "object_type": 18, "health": 2022, "hitbox": {"id": "5c2122a9-781a-4773-822e-31ddd6fa2f4a", "object_type": 14, "width": 5, "height": 5, "position": [66.14808313839691, 248.26777986115312]}, "collidable": false, "amount": 47}], [], [], [{"id": "697687b0-2d76-44af-b57c-620e9116bf0e", "object_type": 12, "health": null, "hitbox": {"id": "9592a2e6-4207-4a48-8596-390cc563a7a0", "object_type": 14, "width": 5, "height": 5, "position": [139.26071089503426, 252.95270626761226]}, "collidable": false, "gun_type": 4, "level": 1, "pattern": 1, "damage": 50, "fire_rate": 0, "range": 100, "mag_size": 1}], [{"id": "f91d4e3b-24bf-42f5-8b87-c5a33cc08b93", "object_type": 18, "health": 2022, "hitbox": {"id": "7bdd4883-d980-4683-a3e2-b710479fbc02", "object_type": 14, "width": 5, "height": 5, "position": [155.95035760434547, 240.23785744008345]}, "collidable": false, "amount": 41}], [{"id": "446d9602-c29e-4bd0-8695-7d6be80fe3e0", "object_type": 12, "health": null, "hitbox": {"id": "0493d79a-cc9b-48b8-8fd4-aea993897129", "object_type": 14, "width": 5, "height": 5, "position": [160.29190847838518, 250.71899539136072]}, "collidable": false, "gun_type": 4, "level": 1, "pattern": 1, "damage": 50, "fire_rate": 0, "range": 100, "mag_size": 1}], [{"id": "75a3e6af-9c4b-4195-a50f-2f304be7f145", "object_type": 18, "health": 2022, "hitbox": {"id": "23811ec6-a118-4650-a6ee-25b41e51fc84", "object_type": 14, "width": 5, "height": 5, "position": [188.38515672339685, 243.8611554366357]}, "collidable": false, "amount": 34}, {"id": "07e84f86-8ddf-4fae-bc12-2d74535c7ce1", "object_type": 12, "health": null, "hitbox": {"id": "07c38957-ab0f-4857-b128-848838ce1c62", "object_type": 14, "width": 5, "height": 5, "position": [198.35017660069354, 259.0671749412183]}, "collidable": false, "gun_type": 2, "level": 1, "pattern": 2, "damage": 15, "fire_rate": 3, "range": 50, "mag_size": 12}, {"id": "2001e1e1-286c-4d56-8705-1769de0df762", "object_type": 12, "health": null, "hitbox": {"id": "01962e75-66d6-49fc-b6ed-c2efe11cd8c3", "object_type": 14, "width": 5, "height": 5, "position": [196.00511194270544, 251.47274176186585]}, "collidable": false, "gun_type": 4, "level": 1, "pattern": 1, "damage": 50, "fire_rate": 0, "range": 100, "mag_size": 1}], [{"id": "ab8226cb-eec9-49fa-a456-7c4a888473d2", "object_type": 18, "health": 2022, "hitbox": {"id": "8b2bdf75-80c8-481e-ab53-69f290550c62", "object_type": 14, "width": 5, "height": 5, "position": [210.1494100829466, 243.56458144074819]}, "collidable": false, "amount": 35}, {"id": "36e8dfa8-9c24-45bd-9361-2d9c26e7f449", "object_type": 18, "health": 2022, "hitbox": {"id": "40cdf381-3669-4989-809b-92624fdaf842", "object_type": 14, "width": 5, "height": 5, "position": [206.54354272460733, 255.34436082935167]}, "collidable": false, "amount": 49}, {"id": "30a4c7e1-92b2-4a2e-b2cc-972a0cf36c70", "object_type": 12, "health": null, "hitbox": {"id": "a11779a4-5de1-436c-a973-593ab5216514", "object_type": 14, "width": 5, "height": 5, "position": [213.89725270738535, 253.58888450882577]}, "collidable": false, "gun_type": 4, "level": 1, "pattern": 1, "damage": 50, "fire_rate": 0, "range": 100, "mag_size": 1}], [], [{"id": "f5bf7e09-204c-45b4-aca5-7ed5e3e026af", "object_type": 18, "health": 2022, "hitbox": {"id": "9039090e-860a-47aa-b97c-2ffc244caeab", "object_type": 14, "width": 5, "height": 5, "position": [248.53975125869735, 250.25869018077438]}, "collidable": false, "amount": 30}, {"id": "f533dac8-2aa6-4e94-a845-238c6ac2df5a", "object_type": 18, "health": 2022, "hitbox": {"id": "5d2ad2fb-bf72-4f75-a125-88e4e3eba0d9", "object_type": 14, "width": 5, "height": 5, "position": [240.66168200857203, 245.7722666736326]}, "collidable": false, "amount": 42}, {"id": "a037d18b-a196-46eb-b515-411c1bcca729", "object_type": 16, "health": 5, "hitbox": {"id": "84310071-9fb2-4b82-a56a-7ad7045f9774", "object_type": 14, "width": 5, "height": 5, "position": [253.67802704702277, 250.29395755476511]}, "collidable": false, "upgrade_enum": 1, "movement_enum": null, "sight_enum": null}], [{"id": "a2cd1aea-57df-426b-937b-79a3ad20a632", "object_type": 16, "health": 5, "hitbox": {"id": "2dbcb6a8-9a90-4d71-9bcb-96e0888ffb6c", "object_type": 14, "width": 5, "height": 5, "position": [278.7109388132473, 256.01890764837697]}, "collidable": false, "upgrade_enum": 1, "movement_enum": null, "sight_enum": null}], [{"id": "44614e5b-afb7-495c-b786-50abe14dd267", "object_type": 12, "health": null, "hitbox": {"id": "ffd832d2-448f-44f2-bca0-1f20bc9791a0", "object_type": 14, "width": 5, "height": 5, "position": [295.52231261787483, 243.81811941712442]}, "collidable": false, "gun_type": 4, "level": 1, "pattern": 1, "damage": 50, "fire_rate": 0, "range": 100, "mag_size": 1}], [{"id": "535fefbf-9fcd-4668-983b-5983db1843b5", "object_type": 18, "health": 2022, "hitbox": {"id": "1a2af023-f743-4dd7-a80c-7b550d60f6de", "object_type": 14, "width": 5, "height": 5, "position": [316.26166526638207, 255.93207702796764]}, "collidable": false, "amount": 29}, {"id": "70f36eed-13c7-4254-b8e1-bd84d851be5e", "object_type": 18, "health": 2022, "hitbox": {"id": "74d061fb-39d5-459e-80d1-6f3b3c93017b", "object_type": 14, "width": 5, "height": 5, "position": [306.553551029016, 246.19530055397578]}, "collidable": false, "amount": 25}], [], [{"id": "bd89a2bc-7014-4ec6-b2b2-5bac7f45ced5", "object_type": 13, "health": 50, "hitbox": {"id": "bafbe0f1-296a-424a-80ec-9191ad8d2e6e", "object_type": 14, "width": 140, "height": 45, "position": [340.0, 210.0]}, "collidable": true, "destructible": true}], [{"id": "bd89a2bc-7014-4ec6-b2b2-5bac7f45ced5", "object_type": 13, "health": 50, "hitbox": {"id": "bafbe0f1-296a-424a-80ec-9191ad8d2e6e", "object_type": 14, "width": 140, "height": 45, "position": [340.0, 210.0]}, "collidable": true, "destructible": true}], [{"id": "bd89a2bc-7014-4ec6-b2b2-5bac7f45ced5", "object_type": 13, "health": 50, "hitbox": {"id": "bafbe0f1-296a-424a-80ec-9191ad8d2e6e", "object_type": 14, "width": 140, "height": 45, "position": [340.0, 210.0]}, "collidable": true, "destructible": true}], [{"id": "bd89a2bc-7014-4ec6-b2b2-5bac7f45ced5", "object_type": 13, "health": 50, "hitbox": {"id": "bafbe0f1-296a-424a-80ec-9191ad8d2e6e", "object_type": 14, "width": 140, "height": 45, "position": [340.0, 210.0]}, "collidable": true, "destructible": true}, {"id": "fad58503-02b8-4193-a545-f9a0572a8aed", "object_type": 13, "health": 50, "hitbox": {"id": "97b6518a-1080-4107-ae77-2d3833d67dad", "object_type": 14, "width": 10, "height": 15, "position": [405.0, 255.0]}, "collidable": true, "destructible": true}], [{"id": "bd89a2bc-7014-4ec6-b2b2-5bac7f45ced5", "object_type": 13, "health": 50, "hitbox": {"id": "bafbe0f1-296a-424a-80ec-9191ad8d2e6e", "object_type": 14, "width": 140, "height": 45, "position": [340.0, 210.0]}, "collidable": true, "destructible": true}], [{"id": "bd89a2bc-7014-4ec6-b2b2-5bac7f45ced5", "object_type": 13, "health": 50, "hitbox": {"id": "bafbe0f1-296a-424a-80ec-9191ad8d2e6e", "object_type": 14, "width": 140, "height": 45, "position": [340.0, 210.0]}, "collidable": true, "destructible": true}], [{"id": "bd89a2bc-7014-4ec6-b2b2-5bac7f45ced5", "object_type": 13, "health": 50, "hitbox": {"id": "bafbe0f1-296a-424a-80ec-9191ad8d2e6e", "object_type": 14, "width": 140, "height": 45, "position": [340.0, 210.0]}, "collidable": true, "destructible": true}], []], [[], [], [], [{"id": "052f8d44-f267-41f1-8065-3d4bd388cf87", "object_type": 16, "health": 5, "hitbox": {"id": "21f02cd3-64b9-4aaa-9a86-f8080e6014af", "object_type": 14, "width": 5, "height": 5, "position": [75.11423938276639, 274.22784446606653]}, "collidable": false, "upgrade_enum": 1, "movement_enum": null, "sight_enum": null}], [], [{"id": "c13551de-1873-48c7-870f-2730509548e3", "object_type": 18, "health": 2022, "hitbox": {"id": "45e4e3f4-0495-4227-8b48-30aff557ec0d", "object_type": 14, "width": 5, "height": 5, "position": [110.3643635515914, 273.91125417733224]}, "collidable": false, "amount": 37}], [{"id": "91f8b118-352a-483c-a17c-b1197b43063c", "object_type": 18, "health": 2022, "hitbox": {"id": "f9a9f690-eadc-4d94-a9c7-4d7732c40de7", "object_type": 14, "width": 5, "height": 5, "position": [131.96459915561041, 265.4501826464633]}, "collidable": false, "amount": 33}], [{"id": "cd09ef8e-956e-4454-916a-e74244b55f5a", "object_type": 16, "health": 5, "hitbox": {"id": "cd553566-48dd-466c-ab8f-96b36a1d4c4f", "object_type": 14, "width": 5, "height": 5, "position": [145.7412875462183, 275.0233635307345]}, "collidable": false, "upgrade_enum": 1, "movement_enum": null, "sight_enum": null}], [], [], [{"id": "48cdc3df-d40d-4c92-97c4-fe9477f6e117", "object_type": 12, "health": null, "hitbox": {"id": "cc3cf94f-c120-48c8-8311-cf8c4bdb090b", "object_type": 14, "width": 5, "height": 5, "position": [211.1479988732127, 260.91562112032415]}, "collidable": false, "gun_type": 1, "level": 1, "pattern": 1, "damage": 25, "fire_rate": 0, "range": 30, "mag_size": 5}], [{"id": "5906df9d-c7e5-4a01-a2ca-46a03516743c", "object_type": 12, "health": null, "hitbox": {"id": "728f6c11-6202-42fa-8cfc-5c5515bf52da", "object_type": 14, "width": 5, "height": 5, "position": [224.53583067516956, 267.20636932960775]}, "collidable": false, "gun_type": 3, "level": 1, "pattern": 3, "damage": 10, "fire_rate": 4, "range": 10, "mag_size": 2}, {"id": "a631ac53-b403-41c1-910d-02c53074d665", "object_type": 12, "health": null, "hitbox": {"id": "d21b4027-e479-4cb3-a44a-7845769fc943", "object_type": 14, "width": 5, "height": 5, "position": [238.55569046754664, 265.48925461627636]}, "collidable": false, "gun_type": 1, "level": 1, "pattern": 1, "damage": 25, "fire_rate": 0, "range": 30, "mag_size": 5}, {"id": "f6584f3e-dfb6-4715-947e-549a48e2c897", "object_type": 16, "health": 5, "hitbox": {"id": "c9fddb3a-d8fc-4e0c-a66a-7582bfef4a1a", "object_type": 14, "width": 5, "height": 5, "position": [236.44573135725594, 260.255840546509]}, "collidable": false, "upgrade_enum": 1, "movement_enum": null, "sight_enum": null}], [], [{"id": "f452fdc4-0dcf-4cc5-a9b9-cd5610c13218", "object_type": 18, "health": 2022, "hitbox": {"id": "b05b2634-2fe0-40f5-a776-7cfa532c8da1", "object_type": 14, "width": 5, "height": 5, "position": [279.8414147522084, 275.38350136757117]}, "collidable": false, "amount": 36}, {"id": "a99d7470-9cdd-4805-8469-f7bc6bc3636d", "object_type": 18, "health": 2022, "hitbox": {"id": "aab2991f-d7ef-43b7-8187-83ba8069d4ca", "object_type": 14, "width": 5, "height": 5, "position": [270.5708165372735, 275.18084550273255]}, "collidable": false, "amount": 28}, {"id": "db99564c-2914-42db-805f-8a6c447163fd", "object_type": 16, "health": 5, "hitbox": {"id": "08e86df5-c2bb-4f9f-b8c7-8ff2debd1fa8", "object_type": 14, "width": 5, "height": 5, "position": [264.3039849589253, 278.6713042611088]}, "collidable": false, "upgrade_enum": 3, "movement_enum": null, "sight_enum": null}], [{"id": "b0dcbb08-c645-49e7-abaf-f8ceeba8c7c2", "object_type": 18, "health": 2022, "hitbox": {"id": "be3ed228-c4fc-4d46-b175-69d6a9bfbc36", "object_type": 14, "width": 5, "height": 5, "position": [296.0368316265084, 275.3442343137912]}, "collidable": false, "amount": 42}, {"id": "2707c22e-662d-4867-b845-9a9ddc866b13", "object_type": 12, "health": null, "hitbox": {"id": "857fcc3e-310f-4c4f-ba69-a119344cb6ba", "object_type": 14, "width": 5, "height": 5, "position": [286.3005843792554, 269.06173255414467]}, "collidable": false, "gun_type": 1, "level": 1, "pattern": 1, "damage": 25, "fire_rate": 0, "range": 30, "mag_size": 5}], [{"id": "8b40b94a-b8cd-4e3f-98f0-d76b66943135", "object_type": 18, "health": 2022, "hitbox": {"id": "1bd5d966-542b-47f9-8d9c-7f4a620dddc6", "object_type": 14, "width": 5, "height": 5, "position": [309.84711951002674, 271.38874856881006]}, "collidable": false, "amount": 46}], [], [], [], [], [{"id": "9a721c8d-7dcc-4725-8c2d-820aadd95d4b", "object_type": 15, "health": 300, "hitbox": {"id": "d4dffd44-938b-4013-91bb-9128fcbc7382", "object_type": 14, "width": 3, "height": 10, "position": [410.0, 260.0]}, "collidable": true, "opening_speed": 1, "open_state": false}], [], [], [], []], [[], [{"id": "3811d85d-f3ee-43f3-8cf4-d5a2f9e51ca1", "object_type": 13, "health": 50, "hitbox": {"id": "419a6a62-a1c0-4774-a6b3-72a14c791d0a", "object_type": 14, "width": 40, "height": 40, "position": [20, 280.0]}, "collidable": true, "destructible": true}], [{"id": "3811d85d-f3ee-43f3-8cf4-d5a2f9e51ca1", "object_type": 13, "health": 50, "hitbox": {"id": "419a6a62-a1c0-4774-a6b3-72a14c791d0a", "object_type": 14, "width": 40, "height": 40, "position": [20, 280.0]}, "collidable": true, "destructible": true}], [], [], [], [{"id": "2a4bf06e-a14d-4c20-8967-034da4805d1b", "object_type": 13, "health": 50, "hitbox": {"id": "231b5d3b-0d9c-43eb-98fd-082cfe52066c", "object_type": 14, "width": 40, "height": 40, "position": [120, 280.0]}, "collidable": true, "destructible": true}], [{"id": "2a4bf06e-a14d-4c20-8967-034da4805d1b", "object_type": 13, "health": 50, "hitbox": {"id": "231b5d3b-0d9c-43eb-98fd-082cfe52066c", "object_type": 14, "width": 40, "height": 40, "position": [120, 280.0]}, "collidable": true, "destructible": true}], [{"id": "00e3e152-483a-4219-bc5c-762a0e6b4bcd", "object_type": 12, "health": null, "hitbox": {"id": "2a34bb52-4129-46b5-bd23-8b822f2da19a", "object_type": 14, "width": 5, "height": 5, "position": [178.65456437329496, 290.7638228569112]}, "collidable": false, "gun_type": 4, "level": 1, "pattern": 1, "damage": 50, "fire_rate": 0, "range": 100, "mag_size": 1}], [{"id": "0e778bbc-b8ff-4330-8139-ee2d11330b60", "object_type": 12, "health": null, "hitbox": {"id": "ecd656ff-cff7-4238-8170-cd18f9d24818", "object_type": 14, "width": 5, "height": 5, "position": [189.11116146629186, 283.3960718025708]}, "collidable": false, "gun_type": 3, "level": 1, "pattern": 3, "damage": 10, "fire_rate": 4, "range": 10, "mag_size": 2}], [{"id": "4733e8df-9903-4879-9c3d-1859b21829c3", "object_type": 18, "health": 2022, "hitbox": {"id": "36b85dd3-9bbe-4e4b-9674-7dc23598a143", "object_type": 14, "width": 5, "height": 5, "position": [210.7398087200695, 294.90286281068137]}, "collidable": false, "amount": 33}], [], [], [], [{"id": "fbafaf9c-e964-4d42-b043-2417eed632c6", "object_type": 18, "health": 2022, "hitbox": {"id": "892e9d28-c5b4-4331-9879-2f00ff3dc7c1", "object_type": 14, "width": 5, "height": 5, "position": [284.4313394601519, 288.075079515234]}, "collidable": false, "amount": 40}], [{"id": "3c352fc3-ecd1-415d-bc6c-008765bce5d8", "object_type": 16, "health": 5, "hitbox": {"id": "462343f0-3b9b-439f-983f-ca39511ed586", "object_type": 14, "width": 5, "height": 5, "position": [308.6746174070074, 294.12005645644047]}, "collidable": false, "upgrade_enum": 1, "movement_enum": null, "sight_enum": null}, {"id": "2d4db3b9-23cd-4cf9-8bf8-406301ba49f0", "object_type": 12, "health": null, "hitbox": {"id": "08d6f103-092a-4026-95de-317c1cb814ba", "object_type": 14, "width": 5, "height": 5, "position": [308.47882985550825, 285.31220871317413]}, "collidable": false, "gun_type": 3, "level": 1, "pattern": 3, "damage": 10, "fire_rate": 4, "range": 10, "mag_size": 2}], [], [{"id": "cee51384-54a3-499d-9d07-f8004f904e65", "object_type": 13, "health": 50, "hitbox": {"id": "ec7c7258-b749-44d3-862b-7d5dc9bdd413", "object_type": 14, "width": 140, "height": 10, "position": [340.0, 280.0]}, "collidable": true, "destructible": true}], [{"id": "cee51384-54a3-499d-9d07-f8004f904e65", "object_type": 13, "health": 50, "hitbox": {"id": "ec7c7258-b749-44d3-862b-7d5dc9bdd413", "object_type": 14, "width": 140, "height": 10, "position": [340.0, 280.0]}, "collidable": true, "destructible": true}, {"id": "6f700dae-6f5a-4e82-b06a-b8121cd96b0d", "object_type": 12, "health": null, "hitbox": {"id": "0a6d9a4b-d0da-4421-8532-8e720a2d795f", "object_type": 14, "width": 5, "height": 5, "position": [371.883076835418, 295.4723316870848]}, "collidable": false, "gun_type": 3, "level": 1, "pattern": 3, "damage": 10, "fire_rate": 4, "range": 10, "mag_size": 2}], [{"id": "cee51384-54a3-499d-9d07-f8004f904e65", "object_type": 13, "health": 50, "hitbox": {"id": "ec7c7258-b749-44d3-862b-7d5dc9bdd413", "object_type": 14, "width": 140, "height": 10, "position": [340.0, 280.0]}, "collidable": true, "destructible": true}], [{"id": "cee51384-54a3-499d-9d07-f8004f904e65", "object_type": 13, "health": 50, "hitbox": {"id": "ec7c7258-b749-44d3-862b-7d5dc9bdd413", "object_type": 14, "width": 140, "height": 10, "position": [340.0, 280.0]}, "collidable": true, "destructible": true}, {"id": "9b482b22-4783-4a62-a528-7d783f72f039", "object_type": 15, "health": 300, "hitbox": {"id": "c31ecf2e-e584-4ff9-a06a-d694c79c64fd", "object_type": 14, "width": 3, "height": 10, "position": [410.0, 290.0]}, "collidable": true, "opening_speed": 1, "open_state": false}], [{"id": "cee51384-54a3-499d-9d07-f8004f904e65", "object_type": 13, "health": 50, "hitbox": {"id": "ec7c7258-b749-44d3-862b-7d5dc9bdd413", "object_type": 14, "width": 140, "height": 10, "position": [340.0, 280.0]}, "collidable": true, "destructible": true}], [{"id": "cee51384-54a3-499d-9d07-f8004f904e65", "object_type": 13, "health": 50, "hitbox": {"id": "ec7c7258-b749-44d3-862b-7d5dc9bdd413", "object_type": 14, "width": 140, "height": 10, "position": [340.0, 280.0]}, "collidable": true, "destructible": true}], [{"id": "cee51384-54a3-499d-9d07-f8004f904e65", "object_type": 13, "health": 50, "hitbox": {"id": "ec7c7258-b749-44d3-862b-7d5dc9bdd413", "object_type": 14, "width": 140, "height": 10, "position": [340.0, 280.0]}, "collidable": true, "destructible": true}], []], [[], [{"id": "3811d85d-f3ee-43f3-8cf4-d5a2f9e51ca1", "object_type": 13, "health": 50, "hitbox": {"id": "419a6a62-a1c0-4774-a6b3-72a14c791d0a", "object_type": 14, "width": 40, "height": 40, "position": [20, 280.0]}, "collidable": true, "destructible": true}], [{"id": "3811d85d-f3ee-43f3-8cf4-d5a2f9e51ca1", "object_type": 13, "health": 50, "hitbox": {"id": "419a6a62-a1c0-4774-a6b3-72a14c791d0a", "object_type": 14, "width": 40, "height": 40, "position": [20, 280.0]}, "collidable": true, "destructible": true}], [], [], [{"id": "313f742e-1cf9-493e-add5-7cedc0c2ef7f", "object_type": 12, "health": null, "hitbox": {"id": "ef576f08-65c0-4913-b2b9-175ea807e3d1", "object_type": 14, "width": 5, "height": 5, "position": [118.4384250264037, 312.78493579607897]}, "collidable": false, "gun_type": 1, "level": 1, "pattern": 1, "damage": 25, "fire_rate": 0, "range": 30, "mag_size": 5}], [{"id": "2a4bf06e-a14d-4c20-8967-034da4805d1b", "object_type": 13, "health": 50, "hitbox": {"id": "231b5d3b-0d9c-43eb-98fd-082cfe52066c", "object_type": 14, "width": 40, "height": 40, "position": [120, 280.0]}, "collidable": true, "destructible": true}], [{"id": "2a4bf06e-a14d-4c20-8967-034da4805d1b", "object_type": 13, "health": 50, "hitbox": {"id": "231b5d3b-0d9c-43eb-98fd-082cfe52066c", "object_type": 14, "width": 40, "height": 40, "position": [120, 280.0]}, "collidable": true, "destructible": true}], [], [{"id": "4917500b-b05c-4b14-a3f9-491e601dd11d", "object_type": 12, "health": null, "hitbox": {"id": "71ffa67e-1358-4d1f-9542-a1dc5166800b", "object_type": 14, "width": 5, "height": 5, "position": [191.98664397194744, 300.89119575674465]}, "collidable": false, "gun_type": 3, "level": 1, "pattern": 3, "damage": 10, "fire_rate": 4, "range": 10, "mag_size": 2}], [{"id": "d58f7c95-4a8d-4c85-bb2d-320ef3db9e52", "object_type": 12, "health": null, "hitbox": {"id": "1ee368b6-c16e-45cb-a684-975a9ebb3436", "object_type": 14, "width": 5, "height": 5, "position": [212.35398314111174, 311.4421543690308]}, "collidable": false, "gun_type": 3, "level": 1, "pattern": 3, "damage": 10, "fire_rate": 4, "range": 10, "mag_size": 2}], [], [{"id": "ef2da52d-eedc-43d5-986c-9588ed4282df", "object_type": 12, "health": null, "hitbox": {"id": "c74ccb69-6555-401d-86cb-da34ba98d13b", "object_type": 14, "width": 5, "height": 5, "position": [240.85225611283872, 306.41339689987507]}, "collidable": false, "gun_type": 3, "level": 1, "pattern": 3, "damage": 10, "fire_rate": 4, "range": 10, "mag_size": 2}], [{"id": "4c7dcccd-c78c-4698-9b85-572aac54b20f", "object_type": 12, "health": null, "hitbox": {"id": "bf11ca36-21d8-4456-8036-06cccc73858a", "object_type": 14, "width": 5, "height": 5, "position": [267.491645985491, 307.64652724203995]}, "collidable": false, "gun_type": 4, "level": 1, "pattern": 1, "damage": 50, "fire_rate": 0, "range": 100, "mag_size": 1}], [{"id": "217053fc-3b03-4a76-b7d1-223cf1f212c4", "object_type": 18, "health": 2022, "hitbox": {"id": "d1dd9624-990e-4975-8a4a-351ac0abdc6b", "object_type": 14, "width": 5, "height": 5, "position": [288.6882263786501, 307.5379173113438]}, "collidable": false, "amount": 25}], [{"id": "9de9d6b4-b484-4fd8-bb8c-fb1eae0496c1", "object_type": 12, "health": null, "hitbox": {"id": "996444f1-46fd-4ce9-a9cf-43c8d169f657", "object_type": 14, "width": 5, "height": 5, "position": [315.5172677327997, 311.32493523233154]}, "collidable": false, "gun_type": 4, "level": 1, "pattern": 1, "damage": 50, "fire_rate": 0, "range": 100, "mag_size": 1}, {"id": "83b0328c-8924-40b9-b7a4-469f38607112", "object_type": 12, "health": null, "hitbox": {"id": "7897158a-c0d3-4b1a-a3ca-e4ef0e566c97", "object_type": 14, "width": 5, "height": 5, "position": [302.3729603820983, 314.68085765490173]}, "collidable": false, "gun_type": 3, "level": 1, "pattern": 3, "damage": 10, "fire_rate": 4, "range": 10, "mag_size": 2}], [{"id": "5ac40285-c85c-45b8-96f7-36fd2c0bc703", "object_type": 16, "health": 5, "hitbox": {"id": "118884f2-524b-4c5f-8e72-e2ef450855da", "object_type": 14, "width": 5, "height": 5, "position": [333.7270777552194, 313.17914706506895]}, "collidable": false, "upgrade_enum": 3, "movement_enum": null, "sight_enum": null}], [], [], [{"id": "b3510aa2-e280-4a43-8962-1169ee8fd2ae", "object_type": 13, "health": 50, "hitbox": {"id": "fa774ac5-c106-4099-97ec-dbed6f1255e4", "object_type": 14, "width": 40, "height": 20, "position": [390.0, 300.0]}, "collidable": true, "destructible": true}, {"id": "8e302b4a-b82c-4c6f-aa2f-3c405c1e8693", "object_type": 16, "health": 5, "hitbox": {"id": "e3f4dac1-df39-4c9f-9310-c15e868f8679", "object_type": 14, "width": 5, "height": 5, "position": [380.1008640390801, 305.9933313929436]}, "collidable": false, "upgrade_enum": 1, "movement_enum": null, "sight_enum": null}], [{"id": "b3510aa2-e280-4a43-8962-1169ee8fd2ae", "object_type": 13, "health": 50, "hitbox": {"id": "fa774ac5-c106-4099-97ec-dbed6f1255e4", "object_type": 14, "width": 40, "height": 20, "position": [390.0, 300.0]}, "collidable": true, "destructible": true}], [], [], [], []], [[], [], [], [], [{"id": "e07df698-28f2-431b-9864-b7425440629e", "object_type": 12, "health": null, "hitbox": {"id": "3b3e4c11-7af7-4462-b86a-77a5c9350036", "object_type": 14, "width": 5, "height": 5, "position": [90.09438855919325, 322.02685361625794]}, "collidable": false, "gun_type": 4, "level": 1, "pattern": 1, "damage": 50, "fire_rate": 0, "range": 100, "mag_size": 1}], [], [], [], [{"id": "eb4af327-2848-448c-8ecb-db9263735eb2", "object_type": 18, "health": 2022, "hitbox": {"id": "0c10513b-390e-40df-b338-0548fdfdf741", "object_type": 14, "width": 5, "height": 5, "position": [177.54626050184535, 324.1060081298833]}, "collidable": false, "amount": 44}], [], [{"id": "1eb502f2-8868-41fd-affd-ed8f756cbfc3", "object_type": 12, "health": null, "hitbox": {"id": "efb3fd65-a138-43ad-acc1-ac71857cd9f4", "object_type": 14, "width": 5, "height": 5, "position": [207.2539532823851, 324.33345031057894]}, "collidable": false, "gun_type": 4, "level": 1, "pattern": 1, "damage": 50, "fire_rate": 0, "range": 100, "mag_size": 1}], [{"id": "31b2e161-046d-4605-85eb-38b08308b027", "object_type": 12, "health": null, "hitbox": {"id": "c1026e78-aa9d-4c21-9892-d45800bca9ef", "object_type": 14, "width": 5, "height": 5, "position": [231.93626805887624, 324.98228629149907]}, "collidable": false, "gun_type": 2, "level": 1, "pattern": 2, "damage": 15, "fire_rate": 3, "range": 50, "mag_size": 12}, {"id": "d75f8f38-d60f-478a-ba46-a15239035cce", "object_type": 12, "health": null, "hitbox": {"id": "c6f3e0ae-f779-4727-af1c-f00d0c3f4886", "object_type": 14, "width": 5, "height": 5, "position": [238.4137372386217, 329.3381635294715]}, "collidable": false, "gun_type": 4, "level": 1, "pattern": 1, "damage": 50, "fire_rate": 0, "range": 100, "mag_size": 1}], [], [{"id": "440f4003-a57f-4b57-b7c5-b3109db939f9", "object_type": 18, "health": 2022, "hitbox": {"id": "9e3c173a-8743-473b-8c68-f47e2b3aaf77", "object_type": 14, "width": 5, "height": 5, "position": [279.5775343081509, 320.1439613279716]}, "collidable": false, "amount": 42}, {"id": "cf1d0d0f-db31-4039-856a-b9484bbf5435", "object_type": 12, "health": null, "hitbox": {"id": "51343e39-82d3-4dd9-940e-9d5fc8446ece", "object_type": 14, "width": 5, "height": 5, "position": [262.3830565487319, 322.9405727049258]}, "collidable": false, "gun_type": 1, "level": 1, "pattern": 1, "damage": 25, "fire_rate": 0, "range": 30, "mag_size": 5}], [], [{"id": "82e0e739-fc9f-4076-8b05-83d66f50266f", "object_type": 18, "health": 2022, "hitbox": {"id": "0270e444-e818-4953-8fec-de3e35d0f1bc", "object_type": 14, "width": 5, "height": 5, "position": [303.2881914384052, 322.4095645099194]}, "collidable": false, "amount": 47}, {"id": "81e51dc0-2f24-46ad-8c4f-885ee6b3596a", "object_type": 12, "health": null, "hitbox": {"id": "cd8a93af-28f3-4591-ad05-0860c0d396aa", "object_type": 14, "width": 5, "height": 5, "position": [310.63131881310403, 327.4256434111681]}, "collidable": false, "gun_type": 3, "level": 1, "pattern": 3, "damage": 10, "fire_rate": 4, "range": 10, "mag_size": 2}], [{"id": "d40e552e-8816-45b7-b095-6983b342f3b3", "object_type": 12, "health": null, "hitbox": {"id": "f2b3bbc8-f0f0-4a66-b9f3-3520a7a26d29", "object_type": 14, "width": 5, "height": 5, "position": [322.7932242837895, 333.60686572622024]}, "collidable": false, "gun_type": 3, "level": 1, "pattern": 3, "damage": 10, "fire_rate": 4, "range": 10, "mag_size": 2}, {"id": "8dfb2be4-a40c-47b9-946c-0a470c8306f2", "object_type": 12, "health": null, "hitbox": {"id": "092f1f6c-9968-4b3e-a66d-06ae82c45012", "object_type": 14, "width": 5, "height": 5, "position": [328.517496859247, 328.7446911618135]}, "collidable": false, "gun_type": 4, "level": 1, "pattern": 1, "damage": 50, "fire_rate": 0, "range": 100, "mag_size": 1}], [], [{"id": "cccd1296-ac32-4377-bf77-6b1595d42c1a", "object_type": 16, "health": 5, "hitbox": {"id": "139675f8-3f8f-4a1d-84f5-3424a94d71ac", "object_type": 14, "width": 5, "height": 5, "position": [378.1759909345186, 325.61774596526925]}, "collidable": false, "upgrade_enum": 1, "movement_enum": null, "sight_enum": null}, {"id": "b1d33c3e-adde-4b82-97d9-383bc28fdad9", "object_type": 12, "health": null, "hitbox": {"id": "9c04a192-5726-49fa-a80a-4c469bc3ad2f", "object_type": 14, "width": 5, "height": 5, "position": [374.73756175125953, 336.80396046610514]}, "collidable": false, "gun_type": 2, "level": 1, "pattern": 2, "damage": 15, "fire_rate": 3, "range": 50, "mag_size": 12}], [], [], [], [], [], []], [[], [{"id": "f8deb0d7-0bb6-44d0-8ff3-ce924c2ec320", "object_type": 13, "health": 50, "hitbox": {"id": "17546536-dead-46c5-add1-a33bf736511c", "object_type": 14, "width": 30, "height": 30, "position": [30, 350.0]}, "collidable": true, "destructible": true}], [{"id": "f8deb0d7-0bb6-44d0-8ff3-ce924c2ec320", "object_type": 13, "health": 50, "hitbox": {"id": "17546536-dead-46c5-add1-a33bf736511c", "object_type": 14, "width": 30, "height": 30, "position": [30, 350.0]}, "collidable": true, "destructible": true}], [{"id": "8f0e4c4c-1a33-4ee1-b060-76ccc2deb2fb", "object_type": 13, "health": 50, "hitbox": {"id": "54abb025-c5db-4552-bdc8-959bfa0ba66a", "object_type": 14, "width": 20, "height": 10, "position": [60, 355.0]}, "collidable": true, "destructible": true}], [{"id": "a43e7dbc-1b8b-4c66-a91c-caee7cdc84f1", "object_type": 13, "health": 50, "hitbox": {"id": "25a5464f-a2c6-402a-a5a3-cc7ee9d5c7d4", "object_type": 14, "width": 30, "height": 30, "position": [90, 350.0]}, "collidable": true, "destructible": true}, {"id": "c5d42267-3476-46a9-84d9-ef41125c8605", "object_type": 15, "health": 300, "hitbox": {"id": "f6635a31-4441-4d17-89fa-4a531bb330c3", "object_type": 14, "width": 10, "height": 3, "position": [80, 358.0]}, "collidable": true, "opening_speed": 1, "open_state": false}], [{"id": "a43e7dbc-1b8b-4c66-a91c-caee7cdc84f1", "object_type": 13, "health": 50, "hitbox": {"id": "25a5464f-a2c6-402a-a5a3-cc7ee9d5c7d4", "object_type": 14, "width": 30, "height": 30, "position": [90, 350.0]}, "collidable": true, "destructible": true}], [{"id": "fba8a0c9-87f4-4207-a4e4-3759a173cf6a", "object_type": 13, "health": 50, "hitbox": {"id": "eeaca07a-0fd9-4abb-a0f7-e58f957f0820", "object_type": 14, "width": 30, "height": 30, "position": [130, 350.0]}, "collidable": true, "destructible": true}], [{"id": "fba8a0c9-87f4-4207-a4e4-3759a173cf6a", "object_type": 13, "health": 50, "hitbox": {"id": "eeaca07a-0fd9-4abb-a0f7-e58f957f0820", "object_type": 14, "width": 30, "height": 30, "position": [130, 350.0]}, "collidable": true, "destructible": true}], [{"id": "a6f5331e-69b7-4658-a825-6f03b9546857", "object_type": 18, "health": 2022, "hitbox": {"id": "0adb096f-5200-4c79-944c-4555318575f6", "object_type": 14, "width": 5, "height": 5, "position": [179.10484355060913, 346.73525828084775]}, "collidable": false, "amount": 31}], [{"id": "66cae2f6-fbc2-41d2-a91b-e4a87f83758a", "object_type": 12, "health": null, "hitbox": {"id": "348fa968-0cf1-4d5c-8fef-9572984479c0", "object_type": 14, "width": 5, "height": 5, "position": [198.11939096215846, 342.0520344282336]}, "collidable": false, "gun_type": 3, "level": 1, "pattern": 3, "damage": 10, "fire_rate": 4, "range": 10, "mag_size": 2}], [{"id": "e9c1b05c-ce1e-46c5-9a33-1a3e65ac4e79", "object_type": 18, "health": 2022, "hitbox": {"id": "8ab438c0-44c0-4f6c-bf26-2daeffedecec", "object_type": 14, "width": 5, "height": 5, "position": [207.43300003802932, 355.602227762349]}, "collidable": false, "amount": 25}], [], [{"id": "4fd5dfb0-c9c0-4918-9298-b97383d8ee00", "object_type": 18, "health": 2022, "hitbox": {"id": "45c1818a-9444-4b2a-8c49-a2102f8e990a", "object_type": 14, "width": 5, "height": 5, "position": [240.12163137099913, 353.1030152015263]}, "collidable": false, "amount": 47}, {"id": "6d48f1d4-09d9-442d-9f9f-771b49b88164", "object_type": 12, "health": null, "hitbox": {"id": "bb62b373-cd55-4fa7-b83a-b414cbd88a4c", "object_type": 14, "width": 5, "height": 5, "position": [256.56023050305816, 349.0187579835125]}, "collidable": false, "gun_type": 4, "level": 1, "pattern": 1, "damage": 50, "fire_rate": 0, "range": 100, "mag_size": 1}], [], [{"id": "4cbd034d-0f3b-4d52-8f5e-53103a6d5e43", "object_type": 12, "health": null, "hitbox": {"id": "a0c46933-0146-4fd1-8df7-f3fc6d10244b", "object_type": 14, "width": 5, "height": 5, "position": [293.32355039583024, 345.4745257248281]}, "collidable": false, "gun_type": 2, "level": 1, "pattern": 2, "damage": 15, "fire_rate": 3, "range": 50, "mag_size": 12}], [], [], [{"id": "e6624e6a-2794-4ab0-9c93-d12f41a72855", "object_type": 13, "health": 50, "hitbox": {"id": "a1e15ffc-023c-4fe1-b32b-6f7cd8da5f6e", "object_type": 14, "width": 140, "height": 30, "position": [340.0, 340.0]}, "collidable": true, "destructible": true}], [{"id": "e6624e6a-2794-4ab0-9c93-d12f41a72855", "object_type": 13, "health": 50, "hitbox": {"id": "a1e15ffc-023c-4fe1-b32b-6f7cd8da5f6e", "object_type": 14, "width": 140, "height": 30, "position": [340.0, 340.0]}, "collidable": true, "destructible": true}], [{"id": "e6624e6a-2794-4ab0-9c93-d12f41a72855", "object_type": 13, "health": 50, "hitbox": {"id": "a1e15ffc-023c-4fe1-b32b-6f7cd8da5f6e", "object_type": 14, "width": 140, "height": 30, "position": [340.0, 340.0]}, "collidable": true, "destructible": true}], [{"id": "e6624e6a-2794-4ab0-9c93-d12f41a72855", "object_type": 13, "health": 50, "hitbox": {"id": "a1e15ffc-023c-4fe1-b32b-6f7cd8da5f6e", "object_type": 14, "width": 140, "height": 30, "position": [340.0, 340.0]}, "collidable": true, "destructible": true}], [{"id": "e6624e6a-2794-4ab0-9c93-d12f41a72855", "object_type": 13, "health": 50, "hitbox": {"id": "a1e15ffc-023c-4fe1-b32b-6f7cd8da5f6e", "object_type": 14, "width": 140, "height": 30, "position": [340.0, 340.0]}, "collidable": true, "destructible": true}], [{"id": "e6624e6a-2794-4ab0-9c93-d12f41a72855", "object_type": 13, "health": 50, "hitbox": {"id": "a1e15ffc-023c-4fe1-b32b-6f7cd8da5f6e", "object_type": 14, "width": 140, "height": 30, "position": [340.0, 340.0]}, "collidable": true, "destructible": true}], [{"id": "e6624e6a-2794-4ab0-9c93-d12f41a72855", "object_type": 13, "health": 50, "hitbox": {"id": "a1e15ffc-023c-4fe1-b32b-6f7cd8da5f6e", "object_type": 14, "width": 140, "height": 30, "position": [340.0, 340.0]}, "collidable": true, "destructible": true}], []], [[], [{"id": "f8deb0d7-0bb6-44d0-8ff3-ce924c2ec320", "object_type": 13, "health": 50, "hitbox": {"id": "17546536-dead-46c5-add1-a33bf736511c", "object_type": 14, "width": 30, "height": 30, "position": [30, 350.0]}, "collidable": true, "destructible": true}], [{"id": "f8deb0d7-0bb6-44d0-8ff3-ce924c2ec320", "object_type": 13, "health": 50, "hitbox": {"id": "17546536-dead-46c5-add1-a33bf736511c", "object_type": 14, "width": 30, "height": 30, "position": [30, 350.0]}, "collidable": true, "destructible": true}], [], [{"id": "a43e7dbc-1b8b-4c66-a91c-caee7cdc84f1", "object_type": 13, "health": 50, "hitbox": {"id": "25a5464f-a2c6-402a-a5a3-cc7ee9d5c7d4", "object_type": 14, "width": 30, "height": 30, "position": [90, 350.0]}, "collidable": true, "destructible": true}], [{"id": "a43e7dbc-1b8b-4c66-a91c-caee7cdc84f1", "object_type": 13, "health": 50, "hitbox": {"id": "25a5464f-a2c6-402a-a5a3-cc7ee9d5c7d4", "object_type": 14, "width": 30, "height": 30, "position": [90, 350.0]}, "collidable": true, "destructible": true}], [{"id": "fba8a0c9-87f4-4207-a4e4-3759a173cf6a", "object_type": 13, "health": 50, "hitbox": {"id": "eeaca07a-0fd9-4abb-a0f7-e58f957f0820", "object_type": 14, "width": 30, "height": 30, "position": [130, 350.0]}, "collidable": true, "destructible": true}], [{"id": "fba8a0c9-87f4-4207-a4e4-3759a173cf6a", "object_type": 13, "health": 50, "hitbox": {"id": "eeaca07a-0fd9-4abb-a0f7-e58f957f0820", "object_type": 14, "width": 30, "height": 30, "position": [130, 350.0]}, "collidable": true, "destructible": true}], [{"id": "d1ef666a-123d-4868-9ab2-f29cd8d8b64a", "object_type": 18, "health": 2022, "hitbox": {"id": "55e3595a-8e4d-4679-8e99-f3dae9d5f9b4", "object_type": 14, "width": 5, "height": 5, "position": [171.76651716605937, 373.54922643222534]}, "collidable": false, "amount": 38}], [], [{"id": "e69e6490-36a6-44b2-a3ac-f0b7fc43afbd", "object_type": 13, "health": 50, "hitbox": {"id": "df2357d0-2492-4267-be4b-103fd7dca6e6", "object_type": 14, "width": 25, "height": 25, "position": [210.0, 370.0]}, "collidable": true, "destructible": true}], [{"id": "e69e6490-36a6-44b2-a3ac-f0b7fc43afbd", "object_type": 13, "health": 50, "hitbox": {"id": "df2357d0-2492-4267-be4b-103fd7dca6e6", "object_type": 14, "width": 25, "height": 25, "position": [210.0, 370.0]}, "collidable": true, "destructible": true}], [{"id": "63cfe065-250e-4808-b0fa-4a388421d211", "object_type": 13, "health": 50, "hitbox": {"id": "f4f3fb23-05c6-48ce-8223-c160344c53a6", "object_type": 14, "width": 25, "height": 25, "position": [250.0, 370.0]}, "collidable": true, "destructible": true}], [{"id": "63cfe065-250e-4808-b0fa-4a388421d211", "object_type": 13, "health": 50, "hitbox": {"id": "f4f3fb23-05c6-48ce-8223-c160344c53a6", "object_type": 14, "width": 25, "height": 25, "position": [250.0, 370.0]}, "collidable": true, "destructible": true}], [{"id": "68dff895-8e52-48bd-9f85-8215e8b10cd1", "object_type": 18, "health": 2022, "hitbox": {"id": "ef14e713-c623-42af-abaf-1c3554fe9fe2", "object_type": 14, "width": 5, "height": 5, "position": [284.23211056353574, 379.8809761668142]}, "collidable": false, "amount": 25}], [], [], [{"id": "e6624e6a-2794-4ab0-9c93-d12f41a72855", "object_type": 13, "health": 50, "hitbox": {"id": "a1e15ffc-023c-4fe1-b32b-6f7cd8da5f6e", "object_type": 14, "width": 140, "height": 30, "position": [340.0, 340.0]}, "collidable": true, "destructible": true}, {"id": "c4df2b9b-d2f2-4de2-a3af-4a52a3c7cc8c", "object_type": 13, "health": 50, "hitbox": {"id": "b57b0322-89d7-4d91-b1bf-ef0766c3f7d2", "object_type": 14, "width": 30, "height": 110, "position": [340.0, 370.0]}, "collidable": true, "destructible": true}], [{"id": "e6624e6a-2794-4ab0-9c93-d12f41a72855", "object_type": 13, "health": 50, "hitbox": {"id": "a1e15ffc-023c-4fe1-b32b-6f7cd8da5f6e", "object_type": 14, "width": 140, "height": 30, "position": [340.0, 340.0]}, "collidable": true, "destructible": true}, {"id": "c4df2b9b-d2f2-4de2-a3af-4a52a3c7cc8c", "object_type": 13, "health": 50, "hitbox": {"id": "b57b0322-89d7-4d91-b1bf-ef0766c3f7d2", "object_type": 14, "width": 30, "height": 110, "position": [340.0, 370.0]}, "collidable": true, "destructible": true}], [{"id": "e6624e6a-2794-4ab0-9c93-d12f41a72855", "object_type": 13, "health": 50, "hitbox": {"id": "a1e15ffc-023c-4fe1-b32b-6f7cd8da5f6e", "object_type": 14, "width": 140, "height": 30, "position": [340.0, 340.0]}, "collidable": true, "destructible": true}], [{"id": "e6624e6a-2794-4ab0-9c93-d12f41a72855", "object_type": 13, "health": 50, "hitbox": {"id": "a1e15ffc-023c-4fe1-b32b-6f7cd8da5f6e", "object_type": 14, "width": 140, "height": 30, "position": [340.0, 340.0]}, "collidable": true, "destructible": true}], [{"id": "e6624e6a-2794-4ab0-9c93-d12f41a72855", "object_type": 13, "health": 50, "hitbox": {"id": "a1e15ffc-023c-4fe1-b32b-6f7cd8da5f6e", "object_type": 14, "width": 140, "height": 30, "position": [340.0, 340.0]}, "collidable": true, "destructible": true}], [{"id": "e6624e6a-2794-4ab0-9c93-d12f41a72855", "object_type": 13, "health": 50, "hitbox": {"id": "a1e15ffc-023c-4fe1-b32b-6f7cd8da5f6e", "object_type": 14, "width": 140, "height": 30, "position": [340.0, 340.0]}, "collidable": true, "destructible": true}, {"id": "a8543cce-5256-4e81-b9c0-f9bb0e11bc3c", "object_type": 13, "health": 50, "hitbox": {"id": "68da23a3-8e60-4a91-b4a8-6a21af149a5a", "object_type": 14, "width": 30, "height": 80, "position": [450.0, 370.0]}, "collidable": true, "destructible": true}], [{"id": "e6624e6a-2794-4ab0-9c93-d12f41a72855", "object_type": 13, "health": 50, "hitbox": {"id": "a1e15ffc-023c-4fe1-b32b-6f7cd8da5f6e", "object_type": 14, "width": 140, "height": 30, "position": [340.0, 340.0]}, "collidable": true, "destructible": true}, {"id": "a8543cce-5256-4e81-b9c0-f9bb0e11bc3c", "object_type": 13, "health": 50, "hitbox": {"id": "68da23a3-8e60-4a91-b4a8-6a21af149a5a", "object_type": 14, "width": 30, "height": 80, "position": [450.0, 370.0]}, "collidable": true, "destructible": true}], []], [[], [], [], [], [], [{"id": "b016576f-699d-4646-a2e2-764f1628d5f7", "object_type": 15, "health": 300, "hitbox": {"id": "9064bf58-9502-4c98-b40f-6de2f28bcc77", "object_type": 14, "width": 3, "height": 10, "position": [115, 380.0]}, "collidable": true, "opening_speed": 1, "open_state": false}], [], [], [], [{"id": "58a243bf-70b7-4455-9a80-939c0b0b9802", "object_type": 16, "health": 5, "hitbox": {"id": "a27f33fd-bfb1-48a1-9c1d-3512e6357484", "object_type": 14, "width": 5, "height": 5, "position": [197.41290269212362, 387.25530431305947]}, "collidable": false, "upgrade_enum": 3, "movement_enum": null, "sight_enum": null}], [{"id": "e69e6490-36a6-44b2-a3ac-f0b7fc43afbd", "object_type": 13, "health": 50, "hitbox": {"id": "df2357d0-2492-4267-be4b-103fd7dca6e6", "object_type": 14, "width": 25, "height": 25, "position": [210.0, 370.0]}, "collidable": true, "destructible": true}], [{"id": "e69e6490-36a6-44b2-a3ac-f0b7fc43afbd", "object_type": 13, "health": 50, "hitbox": {"id": "df2357d0-2492-4267-be4b-103fd7dca6e6", "object_type": 14, "width": 25, "height": 25, "position": [210.0, 370.0]}, "collidable": true, "destructible": true}, {"id": "904a7e58-f707-4a4a-9b3d-1044a5d92528", "object_type": 13, "health": 50, "hitbox": {"id": "0621d607-b0de-4467-8fd7-b85c538e8a97", "object_type": 14, "width": 15, "height": 10, "position": [235.0, 395.0]}, "collidable": true, "destructible": true}], [{"id": "63cfe065-250e-4808-b0fa-4a388421d211", "object_type": 13, "health": 50, "hitbox": {"id": "f4f3fb23-05c6-48ce-8223-c160344c53a6", "object_type": 14, "width": 25, "height": 25, "position": [250.0, 370.0]}, "collidable": true, "destructible": true}], [{"id": "63cfe065-250e-4808-b0fa-4a388421d211", "object_type": 13, "health": 50, "hitbox": {"id": "f4f3fb23-05c6-48ce-8223-c160344c53a6", "object_type": 14, "width": 25, "height": 25, "position": [250.0, 370.0]}, "collidable": true, "destructible": true}], [{"id": "3ac9fb29-55b6-467b-aba2-3fc48ecb5a71", "object_type": 18, "health": 2022, "hitbox": {"id": "6d0e2380-f1a3-4b20-9d7f-3937e09d57be", "object_type": 14, "width": 5, "height": 5, "position": [289.5509318403319, 394.57479733840444]}, "collidable": false, "amount": 49}], [], [], [{"id": "c4df2b9b-d2f2-4de2-a3af-4a52a3c7cc8c", "object_type": 13, "health": 50, "hitbox": {"id": "b57b0322-89d7-4d91-b1bf-ef0766c3f7d2", "object_type": 14, "width": 30, "height": 110, "position": [340.0, 370.0]}, "collidable": true, "destructible": true}], [{"id": "c4df2b9b-d2f2-4de2-a3af-4a52a3c7cc8c", "object_type": 13, "health": 50, "hitbox": {"id": "b57b0322-89d7-4d91-b1bf-ef0766c3f7d2", "object_type": 14, "width": 30, "height": 110, "position": [340.0, 370.0]}, "collidable": true, "destructible": true}, {"id": "4f10a4e1-1cf7-43f9-a65a-5b07c12b31a3", "object_type": 12, "health": null, "hitbox": {"id": "110b31d7-3be5-4826-83af-2954949fcebf", "object_type": 14, "width": 5, "height": 5, "position": [373.27542479413387, 386.6491695295573]}, "collidable": false, "gun_type": 3, "level": 1, "pattern": 3, "damage": 10, "fire_rate": 4, "range": 10, "mag_size": 2}], [], [], [], [{"id": "a8543cce-5256-4e81-b9c0-f9bb0e11bc3c", "object_type": 13, "health": 50, "hitbox": {"id": "68da23a3-8e60-4a91-b4a8-6a21af149a5a", "object_type": 14, "width": 30, "height": 80, "position": [450.0, 370.0]}, "collidable": true, "destructible": true}], [{"id": "a8543cce-5256-4e81-b9c0-f9bb0e11bc3c", "object_type": 13, "health": 50, "hitbox": {"id": "68da23a3-8e60-4a91-b4a8-6a21af149a5a", "object_type": 14, "width": 30, "height": 80, "position": [450.0, 370.0]}, "collidable": true, "destructible": true}], []], [[], [], [{"id": "f9c3ad05-7829-4c4d-a7b4-e7f9672119f9", "object_type": 13, "health": 50, "hitbox": {"id": "a67c77c5-1214-4daf-8762-58233767b60c", "object_type": 14, "width": 30, "height": 30, "position": [55, 400.0]}, "collidable": true, "destructible": true}], [{"id": "f9c3ad05-7829-4c4d-a7b4-e7f9672119f9", "object_type": 13, "health": 50, "hitbox": {"id": "a67c77c5-1214-4daf-8762-58233767b60c", "object_type": 14, "width": 30, "height": 30, "position": [55, 400.0]}, "collidable": true, "destructible": true}], [], [{"id": "ee4c875d-da7a-46b6-8d3c-61317975f515", "object_type": 13, "health": 50, "hitbox": {"id": "d0309c6d-9c34-4a2e-b564-8b8c82d594af", "object_type": 14, "width": 30, "height": 30, "position": [110, 400.0]}, "collidable": true, "destructible": true}], [{"id": "ee4c875d-da7a-46b6-8d3c-61317975f515", "object_type": 13, "health": 50, "hitbox": {"id": "d0309c6d-9c34-4a2e-b564-8b8c82d594af", "object_type": 14, "width": 30, "height": 30, "position": [110, 400.0]}, "collidable": true, "destructible": true}], [], [], [], [], [{"id": "64c32fbb-bb75-4c07-83dd-33b4cc36121c", "object_type": 13, "health": 50, "hitbox": {"id": "f2113ce5-2410-4242-83a9-6158a62752b3", "object_type": 14, "width": 40, "height": 35, "position": [222.0, 405.0]}, "collidable": true, "destructible": true}], [{"id": "64c32fbb-bb75-4c07-83dd-33b4cc36121c", "object_type": 13, "health": 50, "hitbox": {"id": "f2113ce5-2410-4242-83a9-6158a62752b3", "object_type": 14, "width": 40, "height": 35, "position": [222.0, 405.0]}, "collidable": true, "destructible": true}], [], [], [{"id": "ff897e07-8667-45b3-a0e6-e97dec09b915", "object_type": 18, "health": 2022, "hitbox": {"id": "3ed0385e-229b-4ad9-a4ad-d63754681fe8", "object_type": 14, "width": 5, "height": 5, "position": [302.54486597618336, 404.38350757768274]}, "collidable": false, "amount": 48}], [], [{"id": "c4df2b9b-d2f2-4de2-a3af-4a52a3c7cc8c", "object_type": 13, "health": 50, "hitbox": {"id": "b57b0322-89d7-4d91-b1bf-ef0766c3f7d2", "object_type": 14, "width": 30, "height": 110, "position": [340.0, 370.0]}, "collidable": true, "destructible": true}], [{"id": "c4df2b9b-d2f2-4de2-a3af-4a52a3c7cc8c", "object_type": 13, "health": 50, "hitbox": {"id": "b57b0322-89d7-4d91-b1bf-ef0766c3f7d2", "object_type": 14, "width": 30, "height": 110, "position": [340.0, 370.0]}, "collidable": true, "destructible": true}], [], [], [], [{"id": "a8543cce-5256-4e81-b9c0-f9bb0e11bc3c", "object_type": 13, "health": 50, "hitbox": {"id": "68da23a3-8e60-4a91-b4a8-6a21af149a5a", "object_type": 14, "width": 30, "height": 80, "position": [450.0, 370.0]}, "collidable": true, "destructible": true}], [{"id": "a8543cce-5256-4e81-b9c0-f9bb0e11bc3c", "object_type": 13, "health": 50, "hitbox": {"id": "68da23a3-8e60-4a91-b4a8-6a21af149a5a", "object_type": 14, "width": 30, "height": 80, "position": [450.0, 370.0]}, "collidable": true, "destructible": true}], []], [[], [], [{"id": "f9c3ad05-7829-4c4d-a7b4-e7f9672119f9", "object_type": 13, "health": 50, "hitbox": {"id": "a67c77c5-1214-4daf-8762-58233767b60c", "object_type": 14, "width": 30, "height": 30, "position": [55, 400.0]}, "collidable": true, "destructible": true}], [{"id": "f9c3ad05-7829-4c4d-a7b4-e7f9672119f9", "object_type": 13, "health": 50, "hitbox": {"id": "a67c77c5-1214-4daf-8762-58233767b60c", "object_type": 14, "width": 30, "height": 30, "position": [55, 400.0]}, "collidable": true, "destructible": true}, {"id": "b23bf33d-3160-40ce-9ff1-971ec4887cb2", "object_type": 13, "health": 50, "hitbox": {"id": "3cc5315d-300f-42f0-87ab-5d0753386fbf", "object_type": 14, "width": 10, "height": 10, "position": [70, 430.0]}, "collidable": true, "destructible": true}], [], [{"id": "ee4c875d-da7a-46b6-8d3c-61317975f515", "object_type": 13, "health": 50, "hitbox": {"id": "d0309c6d-9c34-4a2e-b564-8b8c82d594af", "object_type": 14, "width": 30, "height": 30, "position": [110, 400.0]}, "collidable": true, "destructible": true}], [{"id": "ee4c875d-da7a-46b6-8d3c-61317975f515", "object_type": 13, "health": 50, "hitbox": {"id": "d0309c6d-9c34-4a2e-b564-8b8c82d594af", "object_type": 14, "width": 30, "height": 30, "position": [110, 400.0]}, "collidable": true, "destructible": true}], [], [], [], [], [{"id": "64c32fbb-bb75-4c07-83dd-33b4cc36121c", "object_type": 13, "health": 50, "hitbox": {"id": "f2113ce5-2410-4242-83a9-6158a62752b3", "object_type": 14, "width": 40, "height": 35, "position": [222.0, 405.0]}, "collidable": true, "destructible": true}], [{"id": "64c32fbb-bb75-4c07-83dd-33b4cc36121c", "object_type": 13, "health": 50, "hitbox": {"id": "f2113ce5-2410-4242-83a9-6158a62752b3", "object_type": 14, "width": 40, "height": 35, "position": [222.0, 405.0]}, "collidable": true, "destructible": true}], [], [], [], [], [{"id": "c4df2b9b-d2f2-4de2-a3af-4a52a3c7cc8c", "object_type": 13, "health": 50, "hitbox": {"id": "b57b0322-89d7-4d91-b1bf-ef0766c3f7d2", "object_type": 14, "width": 30, "height": 110, "position": [340.0, 370.0]}, "collidable": true, "destructible": true}], [{"id": "c4df2b9b-d2f2-4de2-a3af-4a52a3c7cc8c", "object_type": 13, "health": 50, "hitbox": {"id": "b57b0322-89d7-4d91-b1bf-ef0766c3f7d2", "object_type": 14, "width": 30, "height": 110, "position": [340.0, 370.0]}, "collidable": true, "destructible": true}], [], [], [], [{"id": "a8543cce-5256-4e81-b9c0-f9bb0e11bc3c", "object_type": 13, "health": 50, "hitbox": {"id": "68da23a3-8e60-4a91-b4a8-6a21af149a5a", "object_type": 14, "width": 30, "height": 80, "position": [450.0, 370.0]}, "collidable": true, "destructible": true}], [{"id": "a8543cce-5256-4e81-b9c0-f9bb0e11bc3c", "object_type": 13, "health": 50, "hitbox": {"id": "68da23a3-8e60-4a91-b4a8-6a21af149a5a", "object_type": 14, "width": 30, "height": 80, "position": [450.0, 370.0]}, "collidable": true, "destructible": true}, {"id": "54e6b4a1-7330-4fca-975c-fc035d6a1bb3", "object_type": 10, "health": 100, "hitbox": {"id": "4e8dbf6b-64fb-4038-b831-6b9f9db827e4", "object_type": 14, "width": 10, "height": 10, "position": [475.74, 424.82]}, "collidable": true, "heading": 128, "speed": 25, "inventory": {"guns": [{"id": "c67c5e75-8f73-4e11-8c99-845af88b2028", "object_type": 12, "health": null, "hitbox": {"id": "7b9fba5d-6e29-481c-ac35-61ce3b3379bf", "object_type": 14, "width": 0, "height": 0, "position": [0, 0]}, "collidable": false, "gun_type": 1, "level": 1, "pattern": 1, "damage": 25, "fire_rate": 0, "range": 30, "mag_size": 5}, null], "upgrades": [null, null, null], "consumables": [null, null, null, null]}, "money": 10, "armor": 1.0, "view_distance": 500, "speed_boost_cooldown": 0, "radar_cooldown": 0, "primary_gun_pointer": 0}], [{"id": "54e6b4a1-7330-4fca-975c-fc035d6a1bb3", "object_type": 10, "health": 100, "hitbox": {"id": "4e8dbf6b-64fb-4038-b831-6b9f9db827e4", "object_type": 14, "width": 10, "height": 10, "position": [475.74, 424.82]}, "collidable": true, "heading": 128, "speed": 25, "inventory": {"guns": [{"id": "c67c5e75-8f73-4e11-8c99-845af88b2028", "object_type": 12, "health": null, "hitbox": {"id": "7b9fba5d-6e29-481c-ac35-61ce3b3379bf", "object_type": 14, "width": 0, "height": 0, "position": [0, 0]}, "collidable": false, "gun_type": 1, "level": 1, "pattern": 1, "damage": 25, "fire_rate": 0, "range": 30, "mag_size": 5}, null], "upgrades": [null, null, null], "consumables": [null, null, null, null]}, "money": 10, "armor": 1.0, "view_distance": 500, "speed_boost_cooldown": 0, "radar_cooldown": 0, "primary_gun_pointer": 0}]], [[], [], [], [], [{"id": "a61e59f7-2539-4317-abcc-f41da69e6882", "object_type": 13, "health": 50, "hitbox": {"id": "24cbe80c-11b5-4be6-836a-8b4501693816", "object_type": 14, "width": 30, "height": 30, "position": [90, 440.0]}, "collidable": true, "destructible": true}], [{"id": "a61e59f7-2539-4317-abcc-f41da69e6882", "object_type": 13, "health": 50, "hitbox": {"id": "24cbe80c-11b5-4be6-836a-8b4501693816", "object_type": 14, "width": 30, "height": 30, "position": [90, 440.0]}, "collidable": true, "destructible": true}], [], [], [], [], [], [{"id": "beed538c-5495-442b-baf5-e4c7d69f5b8e", "object_type": 13, "health": 50, "hitbox": {"id": "b7256e72-7ea4-419f-917f-1f466c45db48", "object_type": 14, "width": 13, "height": 10, "position": [222.0, 440.0]}, "collidable": true, "destructible": true}], [{"id": "17e65f9b-790d-4b87-b8ce-c97f099cbc11", "object_type": 13, "health": 50, "hitbox": {"id": "aa5aa0a6-4ffe-4fba-b70e-5edeabfff1e4", "object_type": 14, "width": 13, "height": 10, "position": [250.0, 440.0]}, "collidable": true, "destructible": true}], [{"id": "9be3ecae-d331-443d-abc1-a7425d6de631", "object_type": 12, "health": null, "hitbox": {"id": "729d4ec7-a750-404c-b817-56be0992d5f7", "object_type": 14, "width": 5, "height": 5, "position": [274.0908371529282, 443.3180823093637]}, "collidable": false, "gun_type": 2, "level": 1, "pattern": 2, "damage": 15, "fire_rate": 3, "range": 50, "mag_size": 12}], [], [], [], [{"id": "c4df2b9b-d2f2-4de2-a3af-4a52a3c7cc8c", "object_type": 13, "health": 50, "hitbox": {"id": "b57b0322-89d7-4d91-b1bf-ef0766c3f7d2", "object_type": 14, "width": 30, "height": 110, "position": [340.0, 370.0]}, "collidable": true, "destructible": true}], [{"id": "c4df2b9b-d2f2-4de2-a3af-4a52a3c7cc8c", "object_type": 13, "health": 50, "hitbox": {"id": "b57b0322-89d7-4d91-b1bf-ef0766c3f7d2", "object_type": 14, "width": 30, "height": 110, "position": [340.0, 370.0]}, "collidable": true, "destructible": true}, {"id": "2fd0cd4f-7fc8-4eff-9d32-68f6253e996b", "object_type": 13, "health": 50, "hitbox": {"id": "43b97376-492f-4011-bfa5-0ac0d2064ce7", "object_type": 14, "width": 110, "height": 30, "position": [370.0, 450.0]}, "collidable": true, "destructible": true}], [{"id": "2fd0cd4f-7fc8-4eff-9d32-68f6253e996b", "object_type": 13, "health": 50, "hitbox": {"id": "43b97376-492f-4011-bfa5-0ac0d2064ce7", "object_type": 14, "width": 110, "height": 30, "position": [370.0, 450.0]}, "collidable": true, "destructible": true}], [{"id": "2fd0cd4f-7fc8-4eff-9d32-68f6253e996b", "object_type": 13, "health": 50, "hitbox": {"id": "43b97376-492f-4011-bfa5-0ac0d2064ce7", "object_type": 14, "width": 110, "height": 30, "position": [370.0, 450.0]}, "collidable": true, "destructible": true}], [{"id": "2fd0cd4f-7fc8-4eff-9d32-68f6253e996b", "object_type": 13, "health": 50, "hitbox": {"id": "43b97376-492f-4011-bfa5-0ac0d2064ce7", "object_type": 14, "width": 110, "height": 30, "position": [370.0, 450.0]}, "collidable": true, "destructible": true}], [{"id": "2fd0cd4f-7fc8-4eff-9d32-68f6253e996b", "object_type": 13, "health": 50, "hitbox": {"id": "43b97376-492f-4011-bfa5-0ac0d2064ce7", "object_type": 14, "width": 110, "height": 30, "position": [370.0, 450.0]}, "collidable": true, "destructible": true}], [{"id": "2fd0cd4f-7fc8-4eff-9d32-68f6253e996b", "object_type": 13, "health": 50, "hitbox": {"id": "43b97376-492f-4011-bfa5-0ac0d2064ce7", "object_type": 14, "width": 110, "height": 30, "position": [370.0, 450.0]}, "collidable": true, "destructible": true}], []], [[], [], [], [], [{"id": "a61e59f7-2539-4317-abcc-f41da69e6882", "object_type": 13, "health": 50, "hitbox": {"id": "24cbe80c-11b5-4be6-836a-8b4501693816", "object_type": 14, "width": 30, "height": 30, "position": [90, 440.0]}, "collidable": true, "destructible": true}], [{"id": "a61e59f7-2539-4317-abcc-f41da69e6882", "object_type": 13, "health": 50, "hitbox": {"id": "24cbe80c-11b5-4be6-836a-8b4501693816", "object_type": 14, "width": 30, "height": 30, "position": [90, 440.0]}, "collidable": true, "destructible": true}], [], [], [], [], [], [], [], [], [], [], [], [{"id": "c4df2b9b-d2f2-4de2-a3af-4a52a3c7cc8c", "object_type": 13, "health": 50, "hitbox": {"id": "b57b0322-89d7-4d91-b1bf-ef0766c3f7d2", "object_type": 14, "width": 30, "height": 110, "position": [340.0, 370.0]}, "collidable": true, "destructible": true}], [{"id": "c4df2b9b-d2f2-4de2-a3af-4a52a3c7cc8c", "object_type": 13, "health": 50, "hitbox": {"id": "b57b0322-89d7-4d91-b1bf-ef0766c3f7d2", "object_type": 14, "width": 30, "height": 110, "position": [340.0, 370.0]}, "collidable": true, "destructible": true}, {"id": "2fd0cd4f-7fc8-4eff-9d32-68f6253e996b", "object_type": 13, "health": 50, "hitbox": {"id": "43b97376-492f-4011-bfa5-0ac0d2064ce7", "object_type": 14, "width": 110, "height": 30, "position": [370.0, 450.0]}, "collidable": true, "destructible": true}], [{"id": "2fd0cd4f-7fc8-4eff-9d32-68f6253e996b", "object_type": 13, "health": 50, "hitbox": {"id": "43b97376-492f-4011-bfa5-0ac0d2064ce7", "object_type": 14, "width": 110, "height": 30, "position": [370.0, 450.0]}, "collidable": true, "destructible": true}], [{"id": "2fd0cd4f-7fc8-4eff-9d32-68f6253e996b", "object_type": 13, "health": 50, "hitbox": {"id": "43b97376-492f-4011-bfa5-0ac0d2064ce7", "object_type": 14, "width": 110, "height": 30, "position": [370.0, 450.0]}, "collidable": true, "destructible": true}], [{"id": "2fd0cd4f-7fc8-4eff-9d32-68f6253e996b", "object_type": 13, "health": 50, "hitbox": {"id": "43b97376-492f-4011-bfa5-0ac0d2064ce7", "object_type": 14, "width": 110, "height": 30, "position": [370.0, 450.0]}, "collidable": true, "destructible": true}], [{"id": "2fd0cd4f-7fc8-4eff-9d32-68f6253e996b", "object_type": 13, "health": 50, "hitbox": {"id": "43b97376-492f-4011-bfa5-0ac0d2064ce7", "object_type": 14, "width": 110, "height": 30, "position": [370.0, 450.0]}, "collidable": true, "destructible": true}], [{"id": "2fd0cd4f-7fc8-4eff-9d32-68f6253e996b", "object_type": 13, "health": 50, "hitbox": {"id": "43b97376-492f-4011-bfa5-0ac0d2064ce7", "object_type": 14, "width": 110, "height": 30, "position": [370.0, 450.0]}, "collidable": true, "destructible": true}], []], [[{"id": "e88a9353-d7ae-464f-b819-bacb469f5f7a", "object_type": 19, "health": 10, "hitbox": {"id": "6616c344-d6c6-46f5-9bc4-36d59bdbe188", "object_type": 14, "width": 10, "height": 10, "position": [5, 485]}, "collidable": false, "turn_cooldown": 5, "countdown": 5}], [], [], [], [], [], [], [], [], [], [], [], [], [], [], [], [], [], [], [], [], [], [], [], []]]}, "ray_list": [], "teleporter_list": [{"id": "e88a9353-d7ae-464f-b819-bacb469f5f7a", "object_type": 19, "health": 10, "hitbox": {"id": "6616c344-d6c6-46f5-9bc4-36d59bdbe188", "object_type": 14, "width": 10, "height": 10, "position": [5, 485]}, "collidable": false, "turn_cooldown": 5, "countdown": 5}, {"id": "8909476e-dad3-4120-b436-a6f1f1d0f802", "object_type": 19, "health": 10, "hitbox": {"id": "70b806ad-7483-48cf-af29-0da421926a09", "object_type": 14, "width": 10, "height": 10, "position": [488, 174]}, "collidable": false, "turn_cooldown": 5, "countdown": 5}, {"id": "88ff6441-8bb3-48db-a161-967067c4d297", "object_type": 19, "health": 10, "hitbox": {"id": "485dfdf4-62c6-4e51-ab68-14b7be81f17b", "object_type": 14, "width": 10, "height": 10, "position": [170, 176]}, "collidable": false, "turn_cooldown": 5, "countdown": 5}, {"id": "93cd1360-5ceb-4e84-b176-90a329efc057", "object_type": 19, "health": 10, "hitbox": {"id": "77aaf7b3-0c87-4171-b941-368e7ca2354e", "object_type": 14, "width": 10, "height": 10, "position": [338, 17]}, "collidable": false, "turn_cooldown": 5, "countdown": 5}, {"id": "5629ee1c-4c7c-49d8-9217-2baf68fc96cd", "object_type": 19, "health": 10, "hitbox": {"id": "f8b28b25-ac31-45de-89e2-33cdd75e4a67", "object_type": 14, "width": 10, "height": 10, "position": [10, 12]}, "collidable": false, "turn_cooldown": 5, "countdown": 5}], "circle_radius": 328.5533905932738}}